frame_id,timestamp,knee_angle,elbow_angle,wrist_angle,confidence_knee,confidence_elbow,confidence_wrist,hip_y_smooth,wrist_y_smooth
0,0.0,154.8283127375378,60.91314362743328,106.1248041748648,0.44917902,0.46456838,0.46456838,0.646760728285714,0.6481724868571426
1,0.0333333333333333,134.32593947852195,70.13249903008938,112.9191400887579,0.4460314,0.454026,0.454026,0.6358077582857139,0.6439804495714283
2,0.0666666666666666,105.28938018314464,110.52197365648985,118.72429266721538,0.4480261,0.47307533,0.47307533,0.6256665031428568,0.6343633495714283
3,0.1,96.8142408397755,85.34567995708015,114.21171537283331,0.42889524,0.4521773,0.4521773,0.6239463548571426,0.6329528679999997
4,0.1333333333333333,103.48612593541108,83.21142486543707,121.27288171752875,0.41290084,0.4477087,0.4477087,0.6258632001428568,0.6408217048571425
5,0.1666666666666666,81.13743572234804,85.6736693063301,131.61565912361928,0.41592202,0.41864482,0.41864482,0.6293469227142854,0.6561673311428569
6,0.2,56.19046051470592,119.21602242241116,148.44110087020692,0.38621753,0.44690904,0.44690904,0.6399650844285711,0.6877627569999997
7,0.2333333333333333,49.0708589548801,114.87921170013888,156.16089362112137,0.35638845,0.48758936,0.48758936,0.6487504924285712,0.7281676639999997
8,0.2666666666666666,44.21476095561734,99.29161092270617,158.77576132875095,0.34450176,0.51854277,0.51854277,0.6468966105714282,0.7545222725714282
9,0.3,51.5430730128017,79.29647601435971,145.31417275598207,0.3794218,0.5329404,0.5329404,0.6373948377142854,0.7512594664285711
10,0.3333333333333333,60.92572238965276,87.6927068075026,141.1673601466244,0.3685609,0.52870375,0.52870375,0.6316461457142853,0.725227852285714
11,0.3666666666666666,72.04214747643856,113.14456062718125,132.80689002673017,0.35516632,0.5395702,0.5395702,0.6295141107142854,0.6787194781428568
12,0.4,65.1300298359048,124.7995388944565,119.82269828725691,0.34905207,0.5154304,0.5154304,0.6262406374285712,0.6346895859999997
13,0.4333333333333333,48.555879157951985,140.72402287775367,107.14500508522806,0.34586075,0.49741405,0.49741405,0.6236564857142854,0.6000901891428568
14,0.4666666666666667,77.95452639038827,155.23095470541696,98.85141496457535,0.34543476,0.46216407,0.46216407,0.6189937258571425,0.5754350827142855
15,0.5,115.993931075774,159.93729566100973,96.0324411716671,0.3342037,0.431802,0.431802,0.6114256521428568,0.5577927941428569
16,0.5333333333333333,132.06149487559392,152.67108144604532,96.01819480966077,0.32258353,0.39892054,0.39892054,0.6007713885714283,0.5543577081428569
17,0.5666666666666667,136.8741778629466,133.11935036644826,96.24624073474519,0.3288575,0.3697265,0.3697265,0.5931822064285711,0.5568769008571426
18,0.6,139.66484503761657,124.09237130405012,98.21971197549641,0.35512108,0.35268065,0.35268065,0.5871216714285712,0.5614332248571426
19,0.6333333333333333,143.15055099842948,126.69456010999826,100.35203981952093,0.38247362,0.3471972,0.3471972,0.5822917511428569,0.5646797084285711
20,0.6666666666666666,144.14144180110168,119.34472737137484,105.12569539636873,0.41647178,0.3507611,0.3507611,0.5787092411428569,0.5688448139999998
21,0.7,152.09771065552115,103.04386466337729,109.14388879403454,0.44780725,0.37005338,0.37005338,0.577104708285714,0.5724857261428569
22,0.7333333333333333,150.30043479474529,90.68591076360914,111.73102572716455,0.4911704,0.40535736,0.40535736,0.5757736551428569,0.5761274827142854
23,0.7666666666666667,146.62212166886562,91.38387400147087,115.95224751202821,0.53275317,0.44935334,0.44935334,0.5747151272857141,0.5777068405714283
24,0.8,144.5810039464434,97.85943974833091,121.2164298773046,0.57298696,0.4863818,0.4863818,0.5730854998571426,0.5772770898571425
25,0.8333333333333334,149.0901984050041,101.30326729340632,123.99861827469856,0.60903347,0.5261053,0.5261053,0.5716846781428568,0.5756666598571426
26,0.8666666666666667,150.3513745881187,92.63273764556006,123.22886016352304,0.6432226,0.56212616,0.56212616,0.5699206361428568,0.5746087034285712
27,0.9,149.0654644664208,84.16596862272074,121.85146454959823,0.6747447,0.5979198,0.5979198,0.5680161207142854,0.573071571285714
28,0.9333333333333332,147.0371911268312,82.86683272576448,125.08058336214452,0.7042487,0.6282166,0.6282166,0.5658322292857141,0.5716520719999997
29,0.9666666666666668,148.1991909052784,86.2559075655526,132.21506243812675,0.7289046,0.64716965,0.64716965,0.5641553184285713,0.5711841525714283
30,1.0,149.37542385391248,94.13720204965493,139.59029623425417,0.74942374,0.65837693,0.65837693,0.5632466065714282,0.5711856937142854
31,1.0333333333333334,149.81883132805655,96.56123728886855,142.73229015591582,0.76855457,0.65941364,0.65941364,0.5625597434285712,0.5704375958571426
32,1.0666666666666669,151.0861085162487,89.45384372001008,140.56379906093886,0.7846612,0.6429524,0.6429524,0.5620290319999997,0.5697030109999996
33,1.1,151.12355446366854,93.2450152905448,142.14062740513913,0.79290956,0.61952025,0.61952025,0.5615668367142854,0.5691085027142855
34,1.1333333333333333,149.36391287711942,108.70483791921009,143.74382586789181,0.8067992,0.5894104,0.5894104,0.5614370188571426,0.5680312778571426
35,1.1666666666666667,146.57116293847812,120.08968465576179,139.98919997867796,0.81931335,0.55724806,0.55724806,0.5612561524285711,0.5669068775714282
36,1.2,145.9336500444985,107.02317443224187,142.13576336644996,0.83095425,0.5276919,0.5276919,0.5610634025714283,0.5660754129999997
37,1.2333333333333334,146.9072182004795,99.63110489335783,140.22741904613537,0.8421442,0.4917008,0.4917008,0.5611416399999998,0.5657117478571425
38,1.2666666666666666,147.22380681675375,95.7634055336539,136.46853754628532,0.84996235,0.4570634,0.4570634,0.5612192204285712,0.5652239472857139
39,1.3,146.52031413957803,92.55849233610986,133.3165288885405,0.85913295,0.42430055,0.42430055,0.5611978518571425,0.5648784827142854
40,1.3333333333333333,143.48944639386772,89.78521648599705,131.482525389628,0.86753225,0.39498487,0.39498487,0.5611623555714282,0.5649938605714282
41,1.3666666666666667,141.06644020074128,94.78027610430432,128.69564287757146,0.87522227,0.37575248,0.37575248,0.5612096284285711,0.5664771879999997
42,1.4,139.36751830423984,99.92355196822942,124.91118373120676,0.8827199,0.3635278,0.3635278,0.5612888515714283,0.5680691649999997
43,1.4333333333333331,137.4190117774943,101.91274600653857,122.40958650429393,0.89040077,0.35065168,0.35065168,0.561258599285714,0.5687612454285711
44,1.4666666666666666,133.89857686933635,94.70349571404726,119.67265609800903,0.8974646,0.33725476,0.33725476,0.5615683107142855,0.5685117732857141
45,1.5,128.96703246765105,79.61422060630326,115.4991601914086,0.9045187,0.32169744,0.32169744,0.5622880269999997,0.5684120004285712
46,1.5333333333333334,125.74861345194641,63.33338024752902,111.5369107049885,0.91093457,0.30595082,0.30595082,0.5631427465714283,0.5681290261428568
47,1.5666666666666669,122.93338500408127,,,0.9169461,0.28991386,0.28991386,0.5635349889999998,0.5678186068571425
48,1.6,120.21206116543489,,,0.9221914,0.27287918,0.27287918,0.5636415299999997,0.5673872734285712
49,1.6333333333333333,114.94355723320271,,,0.92649424,0.2553348,0.2553348,0.5636883164285711,0.5670776721428568
50,1.6666666666666667,110.39470842212455,,,0.9297501,0.23717245,0.23717245,0.5637353778571426,0.5661838411428568
51,1.7,106.99266550597709,,,0.93167603,0.22068752,0.22068752,0.5637211864285713,0.5648325765714284
52,1.7333333333333334,105.14419510154721,,,0.933031,0.20462751,0.20462751,0.5636781584285713,0.5634175029999997
53,1.7666666666666666,105.86387902937436,,,0.93295825,0.19005555,0.19005555,0.5636957345714283,0.5627049137142854
54,1.8,109.92230112189671,,,0.930358,0.17634591,0.17634591,0.5636969781428569,0.561784858285714
55,1.8333333333333333,114.58959210267136,,,0.9249028,0.16284814,0.16284814,0.5638194618571426,0.5607186907142854
56,1.8666666666666667,119.11419313835923,,,0.92096764,0.1506318,0.1506318,0.5640456944285712,0.5592897277142854
57,1.9,119.94315017171913,,,0.91183716,0.13930179,0.13930179,0.5640880712857139,0.5577863331428569
58,1.9333333333333331,117.03786237390997,,,0.9019526,0.12955466,0.12955466,0.5638935111428569,0.5564862975714283
59,1.9666666666666663,116.07419025610147,,,0.88543266,0.12090498,0.12090498,0.5636994448571426,0.5547143667142854
60,2.0,125.00758137907259,,,0.86543536,0.11250274,0.11250274,0.5636391705714283,0.5536539648571426
61,2.033333333333333,130.19695634080156,,,0.83820236,0.10425029,0.10425029,0.5635548384285711,0.5534881481428569
62,2.066666666666667,132.24876353188026,,,0.80527794,0.09670142,0.09670142,0.5635002022857141,0.5540219215714284
63,2.1,129.39520542254496,,,0.7587819,0.08965888,0.08965888,0.563268870285714,0.5529628865714282
64,2.1333333333333333,131.30569604819274,,,0.7250222,0.08386194,0.08386194,0.5629262734285712,0.5513089958571425
65,2.1666666666666665,133.88396343792695,,,0.6918097,0.07795077,0.07795077,0.5624977149999997,0.5503455862857141
66,2.2,137.41056323921035,,,0.66272527,0.072675295,0.072675295,0.5621588211428569,0.5502439958571426
67,2.2333333333333334,137.51949392836423,,,0.63419825,0.06839589,0.06839589,0.5616810337142855,0.5504900978571425
68,2.2666666666666666,138.59211547520303,,,0.6108901,0.064048894,0.064048894,0.561223592285714,0.5506226531428569
69,2.3,141.0190742733293,,,0.5982244,0.059892844,0.059892844,0.5607377261428568,0.5505517558571426
70,2.333333333333333,144.6754245564558,,,0.57989746,0.056257047,0.056257047,0.5605255169999998,0.5506642611428569
71,2.3666666666666667,147.5542565791455,,,0.5645936,0.05311429,0.05311429,0.5602423208571427,0.5505391801428569
72,2.4,150.02853797948194,,,0.54298705,0.050162517,0.050162517,0.5601101451428568,0.5507188029999996
73,2.433333333333333,151.30401316347812,,,0.51361364,0.04762368,0.04762368,0.5598881877142854,0.5510452151428569
74,2.466666666666667,155.55533549496428,,,0.4928531,0.045883574,0.045883574,0.559860913285714,0.5515358181428569
75,2.5,159.3395795694514,,,0.4767164,0.044762418,0.044762418,0.5597358041428568,0.5499119742857141
76,2.533333333333333,161.70499974392405,,,0.4610199,0.045823243,0.045823243,0.5596162627142854,0.546847524285714
77,2.566666666666667,160.65066031856696,,,0.451569,0.04757025,0.04757025,0.5591900051428569,0.5446133421428568
78,2.6,161.32035587048185,,,0.44150034,0.049982596,0.049982596,0.5584565254285712,0.5425085557142855
79,2.6333333333333333,162.94014945471412,,,0.43124065,0.053993586,0.053993586,0.5574738785714284,0.5398139421428569
80,2.6666666666666665,163.63233521464417,,,0.42739078,0.06083199,0.06083199,0.5566750644285712,0.5376431311428569
81,2.7,161.14096029868352,,,0.43115526,0.066555075,0.066555075,0.5557958758571426,0.5359694361428569
82,2.7333333333333334,157.14167238187838,,,0.43921965,0.06487192,0.06487192,0.5546043637142855,0.5336296525714284
83,2.7666666666666666,155.44445747645764,,,0.45763493,0.06324941,0.06324941,0.5531980398571426,0.5310152058571426
84,2.8,154.03092002706825,,,0.4686964,0.06146148,0.06146148,0.5518250128571426,0.5291217544285711
85,2.833333333333333,150.43770379132013,,,0.4877299,0.059632424,0.059632424,0.5506132559999997,0.5276684915714283
86,2.8666666666666667,148.2658415258213,,,0.5110503,0.05860996,0.05860996,0.5499011895714283,0.5281099204285711
87,2.9,150.11451385317864,,,0.531114,0.057759754,0.057759754,0.5494515357142855,0.5293290675714283
88,2.933333333333333,154.0084480077486,,,0.5436165,0.057494745,0.057494745,0.5489187184285712,0.5307816117142854
89,2.966666666666667,157.07701986532533,,,0.5484773,0.058340568,0.058340568,0.5484935531428569,0.5330167709999998
90,3.0,159.758680676894,,,0.5593113,0.060620937,0.060620937,0.5485237607142854,0.5347409079999997
91,3.033333333333333,161.0076348506648,,,0.563085,0.061055303,0.061055303,0.5486549414285711,0.5347167442857139
92,3.066666666666667,161.051804720213,,,0.56312686,0.060669146,0.060669146,0.548567025285714,0.5334817785714283
93,3.1,161.42788542330186,,,0.56722456,0.059754476,0.059754476,0.5484189514285711,0.532261548285714
94,3.1333333333333333,161.85261217116548,,,0.5695271,0.059961215,0.059961215,0.5483329822857139,0.5312323825714284
95,3.1666666666666665,162.46109776060422,,,0.56947905,0.0600679,0.0600679,0.5484275619999996,0.5308066869999997
96,3.2,162.30224872288812,,,0.56860274,0.05977127,0.05977127,0.5483968545714283,0.5309133769999999
97,3.2333333333333334,161.8238326662894,,,0.57030946,0.05984547,0.05984547,0.5482378258571425,0.530930639285714
98,3.2666666666666666,160.6973307255608,,,0.5710474,0.060677636,0.060677636,0.5475538628571426,0.530879489285714
99,3.3,160.30757155888392,,,0.5711451,0.061444163,0.061444163,0.5466259341428568,0.5308300365714284
100,3.333333333333333,159.8103927717671,,,0.5759876,0.063816786,0.063816786,0.5454520717142854,0.5304777115714283
101,3.3666666666666667,159.22955047225818,,,0.5805616,0.06673949,0.06673949,0.5444458844285711,0.5299124595714283
102,3.4,158.58866720464977,,,0.5860366,0.06813405,0.06813405,0.5434790215714282,0.528894546285714
103,3.433333333333333,159.62450103454754,,,0.5872568,0.07089703,0.07089703,0.5429746045714283,0.5278842634285712
104,3.466666666666667,160.86167479033705,,,0.583175,0.0725961,0.0725961,0.5426185998571424,0.5270669679999997
105,3.5,162.24251930887215,,,0.57782394,0.07404317,0.07404317,0.5423767451428568,0.5263392431428568
106,3.533333333333333,163.34847230709119,,,0.5666584,0.07554695,0.07554695,0.542216962285714,0.5258294078571426
107,3.566666666666667,163.67078648165588,,,0.5574406,0.075679764,0.075679764,0.542374220285714,0.5256153067142854
108,3.6,164.5778011584784,,,0.54386884,0.07687867,0.07687867,0.5430968379999996,0.5258507357142854
109,3.633333333333333,166.0247883588995,,,0.52631706,0.07622442,0.07622442,0.5441731324285712,0.5260341752857141
110,3.6666666666666665,166.68975989243174,,,0.51101893,0.076087706,0.076087706,0.5452313169999997,0.5259917009999997
111,3.7,165.71010443801006,,,0.49413848,0.07762702,0.07762702,0.5457808469999997,0.525068717285714
112,3.733333333333333,163.76895568881488,,,0.47691497,0.078249164,0.078249164,0.5460577708571426,0.5235424197142855
113,3.7666666666666666,164.2698541288158,,,0.46304736,0.08162217,0.08162217,0.5461943325714282,0.522654189285714
114,3.8,164.8297794183882,,,0.4477931,0.08408845,0.08408845,0.5463472689999997,0.5224861007142855
115,3.8333333333333335,164.11251142826714,,,0.4324789,0.08698091,0.08698091,0.5461231948571426,0.5225207957142854
116,3.8666666666666663,163.32034945673655,,,0.4243661,0.089386456,0.089386456,0.5457461309999998,0.5213915337142854
117,3.9,158.24869273704178,,,0.42405105,0.09649141,0.09649141,0.5454126759999998,0.520092281285714
118,3.933333333333333,151.33535157362093,,,0.4362469,0.09967379,0.09967379,0.5452459048571426,0.5195487547142854
119,3.966666666666667,145.11864747853662,,,0.4400429,0.09530459,0.09530459,0.5450160729999998,0.5202611047142854
120,4.0,141.5832949164052,,,0.4390019,0.091026455,0.091026455,0.5447481314285711,0.5196044784285712
121,4.033333333333333,136.30492457250088,,,0.43471456,0.08711894,0.08711894,0.5442775374285712,0.517929239285714
122,4.066666666666666,135.61837947974476,,,0.4375977,0.083666205,0.083666205,0.5435067992857141,0.5166383372857141
123,4.1,138.0256885385753,,,0.44270945,0.08091308,0.08091308,0.5428453217142855,0.5166188992857141
124,4.133333333333334,140.5895105367696,,,0.43367445,0.07774813,0.07774813,0.5425133694285711,0.5164818628571426
125,4.166666666666667,144.79948332804125,,,0.41887128,0.07408074,0.07408074,0.5424552858571425,0.5162358378571427
126,4.2,146.04507001485467,,,0.39852637,0.07056773,0.07056773,0.542364006285714,0.5159989305714283
127,4.233333333333333,144.70135670979948,,,0.38496527,0.068030424,0.068030424,0.5421463911428569,0.5158853655714283
128,4.266666666666667,142.51953007504264,,,0.37262574,0.06580031,0.06580031,0.5419238289999997,0.5157852992857139
129,4.3,143.19683359277334,,,0.35915622,0.063787155,0.063787155,0.5418501008571426,0.5158285965714282
130,4.333333333333333,144.99907510494313,,,0.34517023,0.061689693,0.061689693,0.5418431194285712,0.5163638845714282
131,4.366666666666666,146.33356260763196,,,0.33524337,0.060625613,0.060625613,0.5417683985714283,0.5179536888571425
132,4.4,146.93530313644547,,,0.3236153,0.05876775,0.05876775,0.5417077279999998,0.5194956742857141
133,4.433333333333334,146.1862122559177,,,0.31685314,0.057173807,0.057173807,0.5416252237142855,0.5199181044285711
134,4.466666666666667,145.84597487873341,,,0.31109205,0.05616783,0.05616783,0.5414857079999997,0.5188022607142855
135,4.5,145.52167686196657,,,0.30866268,0.055160698,0.055160698,0.5414009364285712,0.5182930434285711
136,4.533333333333333,145.640273056058,,,0.30948052,0.054057807,0.054057807,0.541272076285714,0.5189258981428568
137,4.566666666666666,146.73827625373968,,,0.3161098,0.053150617,0.053150617,0.5410697377142855,0.5201368829999997
138,4.6,147.51823871193648,,,0.32134622,0.05251624,0.05251624,0.5407558618571426,0.5210059528571426
139,4.633333333333334,147.46294951042287,,,0.32715422,0.05162893,0.05162893,0.5404896694285712,0.5214498778571426
140,4.666666666666667,146.1076694321555,,,0.33795843,0.05132739,0.05132739,0.5401676069999998,0.521984254285714
141,4.7,145.37722948818805,,,0.34719524,0.050763834,0.050763834,0.5398558558571425,0.5222180009999997
142,4.733333333333333,145.34921448773363,,,0.3602325,0.050139587,0.050139587,0.5394279747142854,0.5225569558571426
143,4.766666666666667,145.57151271663795,,,0.37529573,0.050274067,0.050274067,0.5389572009999998,0.5225431334285711
144,4.8,145.61952141533123,,,0.39880905,0.049746063,0.049746063,0.5386277837142854,0.5227238619999997
145,4.833333333333333,145.28982476454132,,,0.42132303,0.04988441,0.04988441,0.5384285155714283,0.5228568288571426
146,4.866666666666666,144.79487489114362,,,0.45120513,0.050089564,0.050089564,0.5381709541428569,0.5230170004285712
147,4.9,144.26062585019375,,,0.48287746,0.050799888,0.050799888,0.5378648659999997,0.5232511139999998
148,4.933333333333334,144.15363527428386,,,0.51029295,0.052115217,0.052115217,0.5376990955714284,0.5240405434285711
149,4.966666666666667,145.19771392536532,,,0.5342438,0.053183183,0.053183183,0.5377249965714284,0.5255258019999998
150,5.0,146.8840803568753,,,0.5550212,0.05395428,0.05395428,0.5378104152857139,0.5269306597142854
151,5.033333333333333,149.11135517758257,,,0.5793179,0.055305053,0.055305053,0.5378890949999997,0.5275782272857139
152,5.066666666666666,150.338522328314,,,0.6031753,0.056444034,0.056444034,0.5379263792857141,0.5275234539999997
153,5.1,150.98264904976438,,,0.6251505,0.058301326,0.058301326,0.5379582628571427,0.5273272407142855
154,5.133333333333334,150.4108919098708,,,0.6448197,0.05945231,0.05945231,0.5379784879999997,0.5273321499999997
155,5.166666666666667,149.89526419609751,,,0.662327,0.06061883,0.06061883,0.5379906768571426,0.5274155204285711
156,5.2,149.57251482058882,,,0.6803532,0.060559794,0.060559794,0.5379855739999997,0.5273005592857141
157,5.233333333333333,150.73025442076562,,,0.6975809,0.06062921,0.06062921,0.537972782285714,0.5270485039999997
158,5.266666666666667,152.07730174371306,,,0.71466994,0.06091945,0.06091945,0.537986301285714,0.5269205332857141
159,5.3,151.96589683718116,,,0.72955173,0.06097649,0.06097649,0.5380621075714282,0.5273140754285712
160,5.333333333333333,151.83786995720433,,,0.74400014,0.06119694,0.06119694,0.538165184285714,0.5276611997142855
161,5.366666666666666,151.9597662192919,,,0.7553539,0.06147034,0.06147034,0.5382787155714281,0.5280235274285712
162,5.4,152.45217499242312,,,0.76689357,0.062418558,0.062418558,0.5386819708571426,0.528217719285714
163,5.433333333333334,152.3411708036766,,,0.7766345,0.06360045,0.06360045,0.5393955318571426,0.5284071058571427
164,5.466666666666667,151.4742636972062,,,0.7851365,0.064438574,0.064438574,0.5401954972857141,0.5284007404285711
165,5.5,150.13176904967,,,0.79501694,0.06543614,0.06543614,0.540632572285714,0.528444594285714
166,5.533333333333333,148.9399353201302,,,0.80223113,0.0661786,0.0661786,0.5411944884285711,0.5285306185714282
167,5.566666666666666,148.3665198678744,,,0.80698335,0.0663697,0.0663697,0.5418377091428568,0.528675147142857
168,5.6,150.4527525000075,,,0.8087796,0.066606514,0.066606514,0.5428726169999997,0.5288062705714283
169,5.633333333333334,152.8274849421911,,,0.8097601,0.066878684,0.066878684,0.5438398685714283,0.5288629381428569
170,5.666666666666667,153.498869997921,,,0.8113492,0.0684802,0.0684802,0.5447586114285712,0.5289805567142856
171,5.7,152.57684037885764,,,0.8101208,0.06993359,0.06993359,0.545644012285714,0.529255893285714
172,5.733333333333333,152.04181663362692,,,0.809232,0.07008057,0.07008057,0.5469975851428569,0.5295814641428568
173,5.766666666666667,152.17640886875762,,,0.804276,0.07062367,0.07062367,0.548522785428571,0.529917485285714
174,5.8,152.98719529131853,,,0.7983702,0.07073421,0.07073421,0.5498407694285712,0.530090040285714
175,5.833333333333333,153.9641137782871,,,0.78825325,0.07095505,0.07095505,0.550771224285714,0.5304236709999997
176,5.866666666666666,153.67731393883443,,,0.77696127,0.07246935,0.07246935,0.5514572488571425,0.531136204428571
177,5.9,153.0882176844225,,,0.7684661,0.074628524,0.074628524,0.5518271217142854,0.5321642199999996
178,5.933333333333334,152.37261342340446,,,0.7595426,0.076855734,0.076855734,0.5523858697142854,0.5328019445714283
179,5.966666666666667,151.12276494554507,,,0.7482606,0.07918887,0.07918887,0.5530655797142855,0.5329507328571426
180,6.0,150.1711843815468,,,0.7319263,0.08217334,0.08217334,0.5537883675714282,0.5329200289999998
181,6.033333333333333,149.09964891393236,,,0.7134718,0.08497037,0.08497037,0.5544968114285711,0.5329087989999998
182,6.066666666666666,147.30516195146961,,,0.69364923,0.08712883,0.08712883,0.5552235268571426,0.5331363624285712
183,6.1,146.08791804293463,,,0.6749237,0.08718821,0.08718821,0.5563010671428569,0.5334074284285713
184,6.133333333333334,146.38039948906967,,,0.6477082,0.08670442,0.08670442,0.5573392588571425,0.533606531285714
185,6.166666666666667,146.50718436105734,,,0.62289125,0.08627471,0.08627471,0.5586024694285712,0.5336927069999997
186,6.2,146.24231816813997,,,0.5994084,0.087070405,0.087070405,0.5594608929999998,0.5338846441428569
187,6.233333333333333,145.82005807532508,,,0.5758018,0.087572396,0.087572396,0.5602511389999997,0.534026464285714
188,6.266666666666667,145.8975270087423,,,0.552537,0.08812189,0.08812189,0.5609528254285712,0.5338840482857141
189,6.3,146.37958049455378,,,0.5270311,0.08621633,0.08621633,0.5616008718571426,0.5334017242857141
190,6.333333333333333,147.529808971003,,,0.5069853,0.084849805,0.084849805,0.5619949385714282,0.5330913325714284
191,6.366666666666666,148.0839691797667,,,0.48487267,0.083471246,0.083471246,0.5622191742857141,0.5328016049999997
192,6.4,147.66437978634994,,,0.4655624,0.08213008,0.08213008,0.5626828439999998,0.5323723265238093
193,6.433333333333334,146.4850400564272,,,0.45016727,0.08214598,0.08214598,0.5633184744285711,0.5314384363333331
194,6.466666666666667,145.1698911226927,,,0.4373637,0.0821873,0.0821873,0.5642457225714284,0.5305297558571427
195,6.5,143.17680414069005,,,0.42522544,0.08499928,0.08499928,0.5653142139999997,0.529468334238095
196,6.533333333333333,142.86768470776158,,,0.41494057,0.08713029,0.08713029,0.5660164685714283,0.528438529190476
197,6.566666666666666,144.3871863747486,,,0.41434354,0.09194124,0.09194124,0.5663049024285711,0.526602894285714
198,6.6,146.3238583057651,,,0.40531203,0.09663977,0.09663977,0.5662773394285712,0.5243390851428569
199,6.633333333333334,146.7271941996248,,,0.3937968,0.10157819,0.10157819,0.5663886532857141,0.522103502285714
200,6.666666666666667,146.72177900261659,,,0.38370115,0.10704704,0.10704704,0.5666323612857139,0.5207538807142854
201,6.7,145.56712793782114,,,0.3710931,0.10894268,0.10894268,0.5672470747142854,0.5191343998571426
202,6.733333333333333,144.03939962832035,,,0.35984603,0.11043223,0.11043223,0.5677281148571426,0.5178482428571427
