frame_id,timestamp,elbow_angle,knee_angle,wrist_angle,confidence_elbow,confidence_knee,confidence_wrist
0,0.0,146.732703321202,31.902960491399107,85.45878978876038,0.9865413,0.9786041,0.9865413
1,0.0177985739750445,146.25831612320545,34.250529695479436,85.26899476758092,0.986497,0.9773299,0.986497
2,0.0355971479500891,145.96266768220445,36.830930048071984,85.12151994958845,0.9862611,0.9763681,0.9862611
3,0.0533957219251336,146.18720677645888,37.2326939703508,85.15679564000393,0.98576003,0.9756074,0.98576003
4,0.0711942959001782,147.0174984742951,38.319458826226345,85.18563187383879,0.9853739,0.97475624,0.9853739
5,0.0889928698752228,147.56012488547518,39.39334704897296,85.15104477334565,0.98516166,0.97333115,0.98516166
6,0.1067914438502673,147.79172673441502,39.79019182849509,85.09943671255492,0.9848569,0.97207415,0.9848569
7,0.1245900178253119,147.74642063099037,39.06583157883574,85.05901383124505,0.984492,0.97094107,0.984492
8,0.1423885918003565,147.73112791814458,38.82619834087689,85.06442184180987,0.9842302,0.97029525,0.9842302
9,0.160187165775401,148.17546671440164,38.62278922229306,85.12902520415106,0.98423225,0.9694548,0.98423225
10,0.1779857397504456,148.47795817072281,38.52664149437257,85.17687815688349,0.984364,0.9688138,0.984364
11,0.1957843137254901,148.60019161054737,39.29429138019949,85.16655084585403,0.98447436,0.96861863,0.98447436
12,0.2135828877005347,148.17246288170557,41.32902327717002,85.14213282631366,0.984734,0.9678986,0.984734
13,0.2313814616755793,147.5366129278748,43.58583326828032,85.07177255221592,0.98515445,0.9679558,0.98515445
14,0.2491800356506238,145.9855281957683,44.92124986994783,84.95626323525374,0.9856014,0.9680848,0.9856014
15,0.2669786096256684,144.23186243787654,45.52156080399337,84.81460932994855,0.9860497,0.9681389,0.9860497
16,0.284777183600713,143.56213649425752,46.03136006866995,84.68174640869377,0.98630416,0.96803486,0.98630416
17,0.3025757575757575,143.94595993987238,46.03096308436899,84.5581075892395,0.9865335,0.9683561,0.9865335
18,0.3203743315508021,144.2506358275223,45.27162305951324,84.52799314342215,0.98668,0.96907425,0.98668
19,0.3381729055258467,144.33443165560303,44.82478194588403,84.54996653615758,0.9867123,0.9696533,0.9867123
20,0.3559714795008912,143.93037352627624,45.435159311224474,84.30852400779779,0.9870442,0.97005856,0.9870442
21,0.3737700534759358,143.18552320614265,46.480248457729864,84.0433430915696,0.98737985,0.9696463,0.98737985
22,0.3915686274509803,142.21422794936078,47.17901923220205,83.8445420317906,0.9877174,0.9687295,0.9877174
23,0.4093672014260249,141.68594426457108,47.440520625783094,83.6447926433,0.9879595,0.9669233,0.9879595
24,0.4271657754010695,138.74929429918274,48.063553737875594,82.81444009027156,0.9879208,0.96498543,0.9879208
25,0.444964349376114,135.80654878832007,48.04003595824378,82.18259036284199,0.9880574,0.9623644,0.9880574
26,0.4627629233511586,132.52631377535002,47.96864059609138,81.18530703108557,0.9883126,0.9585554,0.9883126
27,0.4805614973262032,130.83108063023454,46.27789557227145,80.43853613515682,0.9884421,0.9528061,0.9884421
28,0.4983600713012477,128.6101179010958,43.98870642984128,79.37359565459252,0.9884832,0.94730574,0.9884832
29,0.5161586452762923,125.11807294195363,41.88451313151148,78.05925692728572,0.98833764,0.94522554,0.98833764
30,0.5339572192513369,108.8865286593138,42.05615590561539,74.30758347506617,0.9880303,0.9422786,0.9880303
31,0.5517557932263815,87.63985747503168,43.57741983215805,70.7799874411227,0.9877213,0.9376888,0.9877213
32,0.569554367201426,82.07014829419818,43.758271121018325,70.45169871685424,0.98714757,0.9317,0.98714757
33,0.5873529411764706,91.33660488266842,43.624073790682914,70.34639883551387,0.9871975,0.928071,0.9871975
34,0.6051515151515151,105.7372570618157,43.405897641771205,71.69970785302665,0.98756725,0.92396766,0.98756725
35,0.6229500891265597,107.075910643858,46.79893303621158,71.23763735093995,0.9876518,0.9227886,0.9876518
36,0.6407486631016043,102.07389728456178,49.41933189228536,69.19653730969348,0.98781604,0.9250826,0.98781604
37,0.6585472370766489,104.37110813308044,49.94947011080651,67.76050462067995,0.98787904,0.9283016,0.98787904
38,0.6763458110516934,112.433549922202,47.64711727632887,66.2255067763985,0.98824435,0.93171173,0.98824435
39,0.6941443850267379,99.20997703690257,47.84034766473975,61.122745386279924,0.9884993,0.9332307,0.9884993
40,0.7119429590017825,76.02841910726538,48.547664674931205,62.4622031404378,0.9882314,0.934464,0.9882314
41,0.7297415329768271,71.6593563997046,47.166039314595544,68.14063628403571,0.98751,0.93564796,0.98751
42,0.7475401069518717,78.10976729347311,45.764401519799826,69.52540394271978,0.9862404,0.9365678,0.9862404
43,0.7653386809269163,85.0644667066673,48.02378162727826,71.39857883528975,0.9844785,0.9371783,0.9844785
44,0.7831372549019607,81.03805662748218,51.653088734070806,69.21348784875376,0.98302525,0.93877274,0.98302525
45,0.8009358288770053,71.78390541565092,56.54364056413231,63.80066803845391,0.9823733,0.9389247,0.9823733
46,0.8187344028520499,65.11974353331918,60.16469193473086,54.90512883692973,0.98218954,0.93786067,0.98218954
47,0.8365329768270945,62.20505486183319,62.79703353563985,51.464025575831315,0.9812181,0.9349871,0.9812181
48,0.8543315508021391,60.628563693065615,62.94405429549876,46.63523994248155,0.97986937,0.9318486,0.97986937
49,0.8721301247771835,57.17645788985757,61.35655220252844,42.705355720778314,0.97435707,0.9283666,0.97435707
50,0.8899286987522281,53.750736799756794,64.57509008451264,40.7908595335464,0.9683466,0.92743796,0.9683466
51,0.9077272727272728,45.65670891334651,75.42843136667821,52.62088716310089,0.9591773,0.9245069,0.9591773
52,0.9255258467023172,49.22088642877507,91.3891626332609,69.60060252872627,0.9522523,0.923465,0.9522523
53,0.943324420677362,66.9338186608452,101.03182549267748,76.40720374010401,0.9384962,0.9229948,0.9384962
54,0.9611229946524064,75.57368403631561,117.98829506227408,78.8526158802154,0.9206087,0.91743976,0.9206087
55,0.9789215686274508,73.85939877939923,135.29141251519695,79.0467477035661,0.904073,0.91950333,0.904073
56,0.9967201426024956,72.97145346775338,146.05943971730213,78.80023029445105,0.89140177,0.9231883,0.89140177
57,1.01451871657754,74.54614947193704,147.84883371115293,79.22457078226168,0.882597,0.9274948,0.882597
58,1.0323172905525846,71.95347928416881,149.7003142853772,78.88571904137564,0.87922835,0.93204916,0.87922835
59,1.0501158645276292,56.90911585206204,152.54832419217183,76.48358362013096,0.8833,0.93634295,0.8833
60,1.0679144385026738,51.798850920444316,150.61597589668344,74.0178703676105,0.8895001,0.9395909,0.8895001
61,1.0857130124777183,57.736945952396795,144.18673490893474,74.68738944744719,0.8931557,0.9427644,0.8931557
62,1.103511586452763,68.95273746184141,140.14968446352898,76.39119789289485,0.8978663,0.94604003,0.8978663
63,1.1213101604278075,69.29418332503667,133.6696944033268,77.11197800043267,0.902287,0.94868714,0.902287
64,1.139108734402852,60.221678469542475,130.20733222847005,73.82501123460278,0.9083703,0.95095545,0.9083703
65,1.156907308377897,60.36699194567942,127.14844393339088,49.26604910900674,0.91540176,0.9533337,0.91540176
66,1.1747058823529413,120.92093106494352,124.69953302782412,23.18279502114895,0.9229847,0.95596844,0.9229847
67,1.1925044563279856,117.26405578017665,125.17974367518748,27.41145495232408,0.9299534,0.9589235,0.9299534
68,1.2103030303030302,92.7210276114355,129.5928618870331,37.73129191694955,0.9357879,0.9611323,0.9357879
69,1.2281016042780748,107.59286198341653,129.81262633591285,32.03285941903024,0.9415184,0.9622319,0.9415184
70,1.2459001782531194,125.34453595730662,126.7371180946666,34.73297193794183,0.94659835,0.9636458,0.94659835
71,1.263698752228164,142.40723348399007,122.24558505880653,46.43205151506696,0.95142716,0.96506935,0.95142716
72,1.2814973262032086,148.58554856019921,119.10106100452323,52.98062622168824,0.9556915,0.9657124,0.9556915
73,1.2992959001782531,151.56771354873806,116.8163194876445,56.78011712572834,0.95975256,0.9664963,0.95975256
74,1.3170944741532975,150.5962839347286,117.9914913995654,56.62650383996874,0.96345025,0.96726173,0.96345025
75,1.3348930481283423,152.37182308673243,116.14560853110488,57.87941843757797,0.96673113,0.9681586,0.96673113
76,1.352691622103387,149.73299820858816,114.93201356742375,55.706080919342845,0.96975774,0.96928257,0.96975774
77,1.3704901960784313,144.70446309639388,116.18831724004487,52.10061848113713,0.9725197,0.97039264,0.9725197
78,1.3882887700534758,143.66749126755207,118.62888632591184,51.4577623760057,0.97491944,0.9716437,0.97491944
79,1.4060873440285204,145.594532985357,118.08117602196323,53.00266609190878,0.9771407,0.97299033,0.9771407
80,1.423885918003565,130.736659339085,116.7660756742736,43.67236623015952,0.97914517,0.9742728,0.97914517
81,1.4416844919786096,128.9405046604136,115.59098862268192,41.2382878636395,0.98080707,0.9755444,0.98080707
82,1.4594830659536542,149.07107315275562,115.75976642630478,53.403247239703546,0.982303,0.97683537,0.982303
83,1.4772816399286988,160.92969255316132,118.1794191135097,63.39909094307963,0.9836005,0.97783864,0.9836005
84,1.4950802139037431,158.04844056786797,121.64139078610042,60.800232176957,0.98480624,0.97864413,0.98480624
85,1.512878787878788,155.41683591889898,121.90331928648716,58.80686682809937,0.9858382,0.9794484,0.9858382
86,1.5306773618538323,156.87535719637117,121.37287940853791,59.9588081107836,0.9868432,0.98042405,0.9868432
87,1.5484759358288769,158.46566019335276,125.26308699217559,60.69156161013112,0.9877565,0.9810458,0.9877565
88,1.5662745098039217,156.01712718304236,131.00223653677904,57.64494936817413,0.9885525,0.98151046,0.9885525
89,1.584073083778966,153.50636238088055,134.39727081323906,55.18098897102758,0.98932064,0.9822905,0.98932064
90,1.6018716577540106,153.79270535043187,132.2178789743645,55.43118923157226,0.9899615,0.9827512,0.9899615
91,1.6196702317290552,139.24182442293952,123.9555782566831,43.95531686703487,0.99064815,0.98310935,0.99064815
92,1.6374688057040998,101.42119763126641,114.84465868113723,32.79836690839328,0.9911903,0.98351896,0.9911903
93,1.6552673796791444,78.04320861140963,107.98041699091299,44.44390658834433,0.9917486,0.9834397,0.9917486
94,1.673065953654189,77.77672483130492,106.8277412954481,43.78073469810933,0.9922178,0.9830282,0.9922178
95,1.6908645276292336,79.18517705697234,106.55630292483345,42.17681658895538,0.9926982,0.9827921,0.9926982
96,1.708663101604278,82.46257384817831,107.72395686193046,39.885868292907865,0.9932012,0.9825488,0.9932012
97,1.7264616755793225,85.76517260592634,109.39010412626354,38.564117804708175,0.99357456,0.9822652,0.99357456
98,1.744260249554367,89.33667265463757,112.12004057178733,37.39640029623086,0.9938444,0.9818714,0.9938444
99,1.7620588235294117,84.62965423279772,114.78627190417498,41.81525911262461,0.9940618,0.9819603,0.9940618
100,1.7798573975044565,72.27559804574065,118.23850196415744,51.64213564881585,0.9941874,0.98222256,0.9941874
101,1.7976559714795008,63.56091600692329,123.07387853377557,59.8488453127332,0.9941655,0.9825625,0.9941655
102,1.8154545454545452,65.76274946323173,127.69727736395964,58.01853406392636,0.9942657,0.9828049,0.9942657
103,1.83325311942959,68.48615765974984,129.98639518710942,56.01202590570535,0.9944502,0.9832905,0.9944502
104,1.8510516934046344,67.95203772284512,129.55568073114586,56.829542699397855,0.994538,0.98379236,0.994538
105,1.8688502673796792,63.16860444802951,128.6531484617388,60.698339814531145,0.9946593,0.9845007,0.9946593
106,1.886648841354724,63.37465357226782,128.51868587422425,60.50204109393845,0.99469775,0.98503304,0.99469775
107,1.904447415329768,64.15996834378005,129.13625209042763,59.57770256733577,0.9948545,0.98550963,0.9948545
108,1.9222459893048127,61.788330062841744,129.876484981161,61.182981156465424,0.99487364,0.9859333,0.99487364
109,1.9400445632798573,60.75300162754879,130.45558015363395,61.25580702091426,0.9948017,0.9862855,0.9948017
110,1.9578431372549017,64.58757158610395,131.0494762785568,56.99912204595026,0.99496394,0.9865847,0.99496394
111,1.9756417112299465,71.9822331468506,130.96529185582546,50.442766553504015,0.99506336,0.9868007,0.99506336
112,1.993440285204991,67.6675486573093,131.30854326445584,53.89266409108681,0.9950695,0.98702717,0.9950695
113,2.011238859180036,64.24662525718998,131.93076266494117,56.656973069222644,0.99507827,0.98721427,0.99507827
114,2.02903743315508,61.08718439227604,132.87849101806898,59.69822912403513,0.99511206,0.9874026,0.99511206
115,2.046836007130125,59.44704438444175,132.45378116455538,61.91672687669535,0.99508655,0.9875346,0.99508655
116,2.064634581105169,57.09014214546505,131.68624549960248,64.59614258221563,0.9950378,0.98762244,0.9950378
117,2.082433155080214,58.00512579053116,130.86303405611002,64.17481010051938,0.99499106,0.98753816,0.99499106
118,2.1002317290552583,60.25512643624194,128.3819639764459,62.680883071605784,0.99499977,0.987338,0.99499977
119,2.118030303030303,62.2391694265529,125.88389855859705,61.53783280773406,0.9949275,0.98710924,0.9949275
