run_id,frame_id,timestamp,joint,x_norm,y_norm,z_norm,x_px,y_px,confidence
707af7b9-288d-4fde-9de7-406894a7b3a3,0,0.0,nose,0.0,0.0,0.0,0.0,0.0,0.0
707af7b9-288d-4fde-9de7-406894a7b3a3,0,0.0,left_shoulder,0.0,0.0,0.0,0.0,0.0,0.0
707af7b9-288d-4fde-9de7-406894a7b3a3,0,0.0,right_shoulder,0.0,0.0,0.0,0.0,0.0,0.0
707af7b9-288d-4fde-9de7-406894a7b3a3,0,0.0,left_elbow,0.0,0.0,0.0,0.0,0.0,0.0
707af7b9-288d-4fde-9de7-406894a7b3a3,0,0.0,right_elbow,0.0,0.0,0.0,0.0,0.0,0.0
707af7b9-288d-4fde-9de7-406894a7b3a3,0,0.0,left_wrist,0.0,0.0,0.0,0.0,0.0,0.0
707af7b9-288d-4fde-9de7-406894a7b3a3,0,0.0,right_wrist,0.0,0.0,0.0,0.0,0.0,0.0
707af7b9-288d-4fde-9de7-406894a7b3a3,0,0.0,left_hip,0.0,0.0,0.0,0.0,0.0,0.0
707af7b9-288d-4fde-9de7-406894a7b3a3,0,0.0,right_hip,0.0,0.0,0.0,0.0,0.0,0.0
707af7b9-288d-4fde-9de7-406894a7b3a3,0,0.0,left_knee,0.0,0.0,0.0,0.0,0.0,0.0
707af7b9-288d-4fde-9de7-406894a7b3a3,0,0.0,right_knee,0.0,0.0,0.0,0.0,0.0,0.0
707af7b9-288d-4fde-9de7-406894a7b3a3,0,0.0,left_ankle,0.0,0.0,0.0,0.0,0.0,0.0
707af7b9-288d-4fde-9de7-406894a7b3a3,0,0.0,right_ankle,0.0,0.0,0.0,0.0,0.0,0.0
707af7b9-288d-4fde-9de7-406894a7b3a3,0,0.0,left_heel,0.0,0.0,0.0,0.0,0.0,0.0
707af7b9-288d-4fde-9de7-406894a7b3a3,0,0.0,right_heel,0.0,0.0,0.0,0.0,0.0,0.0
707af7b9-288d-4fde-9de7-406894a7b3a3,0,0.0,left_foot_index,0.0,0.0,0.0,0.0,0.0,0.0
707af7b9-288d-4fde-9de7-406894a7b3a3,0,0.0,right_foot_index,0.0,0.0,0.0,0.0,0.0,0.0
707af7b9-288d-4fde-9de7-406894a7b3a3,1,0.03333333333333333,nose,0.0,0.0,0.0,0.0,0.0,0.0
707af7b9-288d-4fde-9de7-406894a7b3a3,1,0.03333333333333333,left_shoulder,0.0,0.0,0.0,0.0,0.0,0.0
707af7b9-288d-4fde-9de7-406894a7b3a3,1,0.03333333333333333,right_shoulder,0.0,0.0,0.0,0.0,0.0,0.0
707af7b9-288d-4fde-9de7-406894a7b3a3,1,0.03333333333333333,left_elbow,0.0,0.0,0.0,0.0,0.0,0.0
707af7b9-288d-4fde-9de7-406894a7b3a3,1,0.03333333333333333,right_elbow,0.0,0.0,0.0,0.0,0.0,0.0
707af7b9-288d-4fde-9de7-406894a7b3a3,1,0.03333333333333333,left_wrist,0.0,0.0,0.0,0.0,0.0,0.0
707af7b9-288d-4fde-9de7-406894a7b3a3,1,0.03333333333333333,right_wrist,0.0,0.0,0.0,0.0,0.0,0.0
707af7b9-288d-4fde-9de7-406894a7b3a3,1,0.03333333333333333,left_hip,0.0,0.0,0.0,0.0,0.0,0.0
707af7b9-288d-4fde-9de7-406894a7b3a3,1,0.03333333333333333,right_hip,0.0,0.0,0.0,0.0,0.0,0.0
707af7b9-288d-4fde-9de7-406894a7b3a3,1,0.03333333333333333,left_knee,0.0,0.0,0.0,0.0,0.0,0.0
707af7b9-288d-4fde-9de7-406894a7b3a3,1,0.03333333333333333,right_knee,0.0,0.0,0.0,0.0,0.0,0.0
707af7b9-288d-4fde-9de7-406894a7b3a3,1,0.03333333333333333,left_ankle,0.0,0.0,0.0,0.0,0.0,0.0
707af7b9-288d-4fde-9de7-406894a7b3a3,1,0.03333333333333333,right_ankle,0.0,0.0,0.0,0.0,0.0,0.0
707af7b9-288d-4fde-9de7-406894a7b3a3,1,0.03333333333333333,left_heel,0.0,0.0,0.0,0.0,0.0,0.0
707af7b9-288d-4fde-9de7-406894a7b3a3,1,0.03333333333333333,right_heel,0.0,0.0,0.0,0.0,0.0,0.0
707af7b9-288d-4fde-9de7-406894a7b3a3,1,0.03333333333333333,left_foot_index,0.0,0.0,0.0,0.0,0.0,0.0
707af7b9-288d-4fde-9de7-406894a7b3a3,1,0.03333333333333333,right_foot_index,0.0,0.0,0.0,0.0,0.0,0.0
707af7b9-288d-4fde-9de7-406894a7b3a3,2,0.06666666666666667,nose,0.0,0.0,0.0,0.0,0.0,0.0
707af7b9-288d-4fde-9de7-406894a7b3a3,2,0.06666666666666667,left_shoulder,0.0,0.0,0.0,0.0,0.0,0.0
707af7b9-288d-4fde-9de7-406894a7b3a3,2,0.06666666666666667,right_shoulder,0.0,0.0,0.0,0.0,0.0,0.0
707af7b9-288d-4fde-9de7-406894a7b3a3,2,0.06666666666666667,left_elbow,0.0,0.0,0.0,0.0,0.0,0.0
707af7b9-288d-4fde-9de7-406894a7b3a3,2,0.06666666666666667,right_elbow,0.0,0.0,0.0,0.0,0.0,0.0
707af7b9-288d-4fde-9de7-406894a7b3a3,2,0.06666666666666667,left_wrist,0.0,0.0,0.0,0.0,0.0,0.0
707af7b9-288d-4fde-9de7-406894a7b3a3,2,0.06666666666666667,right_wrist,0.0,0.0,0.0,0.0,0.0,0.0
707af7b9-288d-4fde-9de7-406894a7b3a3,2,0.06666666666666667,left_hip,0.0,0.0,0.0,0.0,0.0,0.0
707af7b9-288d-4fde-9de7-406894a7b3a3,2,0.06666666666666667,right_hip,0.0,0.0,0.0,0.0,0.0,0.0
707af7b9-288d-4fde-9de7-406894a7b3a3,2,0.06666666666666667,left_knee,0.0,0.0,0.0,0.0,0.0,0.0
707af7b9-288d-4fde-9de7-406894a7b3a3,2,0.06666666666666667,right_knee,0.0,0.0,0.0,0.0,0.0,0.0
707af7b9-288d-4fde-9de7-406894a7b3a3,2,0.06666666666666667,left_ankle,0.0,0.0,0.0,0.0,0.0,0.0
707af7b9-288d-4fde-9de7-406894a7b3a3,2,0.06666666666666667,right_ankle,0.0,0.0,0.0,0.0,0.0,0.0
707af7b9-288d-4fde-9de7-406894a7b3a3,2,0.06666666666666667,left_heel,0.0,0.0,0.0,0.0,0.0,0.0
707af7b9-288d-4fde-9de7-406894a7b3a3,2,0.06666666666666667,right_heel,0.0,0.0,0.0,0.0,0.0,0.0
707af7b9-288d-4fde-9de7-406894a7b3a3,2,0.06666666666666667,left_foot_index,0.0,0.0,0.0,0.0,0.0,0.0
707af7b9-288d-4fde-9de7-406894a7b3a3,2,0.06666666666666667,right_foot_index,0.0,0.0,0.0,0.0,0.0,0.0
707af7b9-288d-4fde-9de7-406894a7b3a3,3,0.1,nose,0.0,0.0,0.0,0.0,0.0,0.0
707af7b9-288d-4fde-9de7-406894a7b3a3,3,0.1,left_shoulder,0.0,0.0,0.0,0.0,0.0,0.0
707af7b9-288d-4fde-9de7-406894a7b3a3,3,0.1,right_shoulder,0.0,0.0,0.0,0.0,0.0,0.0
707af7b9-288d-4fde-9de7-406894a7b3a3,3,0.1,left_elbow,0.0,0.0,0.0,0.0,0.0,0.0
707af7b9-288d-4fde-9de7-406894a7b3a3,3,0.1,right_elbow,0.0,0.0,0.0,0.0,0.0,0.0
707af7b9-288d-4fde-9de7-406894a7b3a3,3,0.1,left_wrist,0.0,0.0,0.0,0.0,0.0,0.0
707af7b9-288d-4fde-9de7-406894a7b3a3,3,0.1,right_wrist,0.0,0.0,0.0,0.0,0.0,0.0
707af7b9-288d-4fde-9de7-406894a7b3a3,3,0.1,left_hip,0.0,0.0,0.0,0.0,0.0,0.0
707af7b9-288d-4fde-9de7-406894a7b3a3,3,0.1,right_hip,0.0,0.0,0.0,0.0,0.0,0.0
707af7b9-288d-4fde-9de7-406894a7b3a3,3,0.1,left_knee,0.0,0.0,0.0,0.0,0.0,0.0
707af7b9-288d-4fde-9de7-406894a7b3a3,3,0.1,right_knee,0.0,0.0,0.0,0.0,0.0,0.0
707af7b9-288d-4fde-9de7-406894a7b3a3,3,0.1,left_ankle,0.0,0.0,0.0,0.0,0.0,0.0
707af7b9-288d-4fde-9de7-406894a7b3a3,3,0.1,right_ankle,0.0,0.0,0.0,0.0,0.0,0.0
707af7b9-288d-4fde-9de7-406894a7b3a3,3,0.1,left_heel,0.0,0.0,0.0,0.0,0.0,0.0
707af7b9-288d-4fde-9de7-406894a7b3a3,3,0.1,right_heel,0.0,0.0,0.0,0.0,0.0,0.0
707af7b9-288d-4fde-9de7-406894a7b3a3,3,0.1,left_foot_index,0.0,0.0,0.0,0.0,0.0,0.0
707af7b9-288d-4fde-9de7-406894a7b3a3,3,0.1,right_foot_index,0.0,0.0,0.0,0.0,0.0,0.0
707af7b9-288d-4fde-9de7-406894a7b3a3,4,0.13333333333333333,nose,0.0,0.0,0.0,0.0,0.0,0.0
707af7b9-288d-4fde-9de7-406894a7b3a3,4,0.13333333333333333,left_shoulder,0.0,0.0,0.0,0.0,0.0,0.0
707af7b9-288d-4fde-9de7-406894a7b3a3,4,0.13333333333333333,right_shoulder,0.0,0.0,0.0,0.0,0.0,0.0
707af7b9-288d-4fde-9de7-406894a7b3a3,4,0.13333333333333333,left_elbow,0.0,0.0,0.0,0.0,0.0,0.0
707af7b9-288d-4fde-9de7-406894a7b3a3,4,0.13333333333333333,right_elbow,0.0,0.0,0.0,0.0,0.0,0.0
707af7b9-288d-4fde-9de7-406894a7b3a3,4,0.13333333333333333,left_wrist,0.0,0.0,0.0,0.0,0.0,0.0
707af7b9-288d-4fde-9de7-406894a7b3a3,4,0.13333333333333333,right_wrist,0.0,0.0,0.0,0.0,0.0,0.0
707af7b9-288d-4fde-9de7-406894a7b3a3,4,0.13333333333333333,left_hip,0.0,0.0,0.0,0.0,0.0,0.0
707af7b9-288d-4fde-9de7-406894a7b3a3,4,0.13333333333333333,right_hip,0.0,0.0,0.0,0.0,0.0,0.0
707af7b9-288d-4fde-9de7-406894a7b3a3,4,0.13333333333333333,left_knee,0.0,0.0,0.0,0.0,0.0,0.0
707af7b9-288d-4fde-9de7-406894a7b3a3,4,0.13333333333333333,right_knee,0.0,0.0,0.0,0.0,0.0,0.0
707af7b9-288d-4fde-9de7-406894a7b3a3,4,0.13333333333333333,left_ankle,0.0,0.0,0.0,0.0,0.0,0.0
707af7b9-288d-4fde-9de7-406894a7b3a3,4,0.13333333333333333,right_ankle,0.0,0.0,0.0,0.0,0.0,0.0
707af7b9-288d-4fde-9de7-406894a7b3a3,4,0.13333333333333333,left_heel,0.0,0.0,0.0,0.0,0.0,0.0
707af7b9-288d-4fde-9de7-406894a7b3a3,4,0.13333333333333333,right_heel,0.0,0.0,0.0,0.0,0.0,0.0
707af7b9-288d-4fde-9de7-406894a7b3a3,4,0.13333333333333333,left_foot_index,0.0,0.0,0.0,0.0,0.0,0.0
707af7b9-288d-4fde-9de7-406894a7b3a3,4,0.13333333333333333,right_foot_index,0.0,0.0,0.0,0.0,0.0,0.0
707af7b9-288d-4fde-9de7-406894a7b3a3,5,0.16666666666666666,nose,0.0,0.0,0.0,0.0,0.0,0.0
707af7b9-288d-4fde-9de7-406894a7b3a3,5,0.16666666666666666,left_shoulder,0.0,0.0,0.0,0.0,0.0,0.0
707af7b9-288d-4fde-9de7-406894a7b3a3,5,0.16666666666666666,right_shoulder,0.0,0.0,0.0,0.0,0.0,0.0
707af7b9-288d-4fde-9de7-406894a7b3a3,5,0.16666666666666666,left_elbow,0.0,0.0,0.0,0.0,0.0,0.0
707af7b9-288d-4fde-9de7-406894a7b3a3,5,0.16666666666666666,right_elbow,0.0,0.0,0.0,0.0,0.0,0.0
707af7b9-288d-4fde-9de7-406894a7b3a3,5,0.16666666666666666,left_wrist,0.0,0.0,0.0,0.0,0.0,0.0
707af7b9-288d-4fde-9de7-406894a7b3a3,5,0.16666666666666666,right_wrist,0.0,0.0,0.0,0.0,0.0,0.0
707af7b9-288d-4fde-9de7-406894a7b3a3,5,0.16666666666666666,left_hip,0.0,0.0,0.0,0.0,0.0,0.0
707af7b9-288d-4fde-9de7-406894a7b3a3,5,0.16666666666666666,right_hip,0.0,0.0,0.0,0.0,0.0,0.0
707af7b9-288d-4fde-9de7-406894a7b3a3,5,0.16666666666666666,left_knee,0.0,0.0,0.0,0.0,0.0,0.0
707af7b9-288d-4fde-9de7-406894a7b3a3,5,0.16666666666666666,right_knee,0.0,0.0,0.0,0.0,0.0,0.0
707af7b9-288d-4fde-9de7-406894a7b3a3,5,0.16666666666666666,left_ankle,0.0,0.0,0.0,0.0,0.0,0.0
707af7b9-288d-4fde-9de7-406894a7b3a3,5,0.16666666666666666,right_ankle,0.0,0.0,0.0,0.0,0.0,0.0
707af7b9-288d-4fde-9de7-406894a7b3a3,5,0.16666666666666666,left_heel,0.0,0.0,0.0,0.0,0.0,0.0
707af7b9-288d-4fde-9de7-406894a7b3a3,5,0.16666666666666666,right_heel,0.0,0.0,0.0,0.0,0.0,0.0
707af7b9-288d-4fde-9de7-406894a7b3a3,5,0.16666666666666666,left_foot_index,0.0,0.0,0.0,0.0,0.0,0.0
707af7b9-288d-4fde-9de7-406894a7b3a3,5,0.16666666666666666,right_foot_index,0.0,0.0,0.0,0.0,0.0,0.0
707af7b9-288d-4fde-9de7-406894a7b3a3,6,0.2,nose,0.0,0.0,0.0,0.0,0.0,0.0
707af7b9-288d-4fde-9de7-406894a7b3a3,6,0.2,left_shoulder,0.0,0.0,0.0,0.0,0.0,0.0
707af7b9-288d-4fde-9de7-406894a7b3a3,6,0.2,right_shoulder,0.0,0.0,0.0,0.0,0.0,0.0
707af7b9-288d-4fde-9de7-406894a7b3a3,6,0.2,left_elbow,0.0,0.0,0.0,0.0,0.0,0.0
707af7b9-288d-4fde-9de7-406894a7b3a3,6,0.2,right_elbow,0.0,0.0,0.0,0.0,0.0,0.0
707af7b9-288d-4fde-9de7-406894a7b3a3,6,0.2,left_wrist,0.0,0.0,0.0,0.0,0.0,0.0
707af7b9-288d-4fde-9de7-406894a7b3a3,6,0.2,right_wrist,0.0,0.0,0.0,0.0,0.0,0.0
707af7b9-288d-4fde-9de7-406894a7b3a3,6,0.2,left_hip,0.0,0.0,0.0,0.0,0.0,0.0
707af7b9-288d-4fde-9de7-406894a7b3a3,6,0.2,right_hip,0.0,0.0,0.0,0.0,0.0,0.0
707af7b9-288d-4fde-9de7-406894a7b3a3,6,0.2,left_knee,0.0,0.0,0.0,0.0,0.0,0.0
707af7b9-288d-4fde-9de7-406894a7b3a3,6,0.2,right_knee,0.0,0.0,0.0,0.0,0.0,0.0
707af7b9-288d-4fde-9de7-406894a7b3a3,6,0.2,left_ankle,0.0,0.0,0.0,0.0,0.0,0.0
707af7b9-288d-4fde-9de7-406894a7b3a3,6,0.2,right_ankle,0.0,0.0,0.0,0.0,0.0,0.0
707af7b9-288d-4fde-9de7-406894a7b3a3,6,0.2,left_heel,0.0,0.0,0.0,0.0,0.0,0.0
707af7b9-288d-4fde-9de7-406894a7b3a3,6,0.2,right_heel,0.0,0.0,0.0,0.0,0.0,0.0
707af7b9-288d-4fde-9de7-406894a7b3a3,6,0.2,left_foot_index,0.0,0.0,0.0,0.0,0.0,0.0
707af7b9-288d-4fde-9de7-406894a7b3a3,6,0.2,right_foot_index,0.0,0.0,0.0,0.0,0.0,0.0
707af7b9-288d-4fde-9de7-406894a7b3a3,7,0.23333333333333334,nose,0.0,0.0,0.0,0.0,0.0,0.0
707af7b9-288d-4fde-9de7-406894a7b3a3,7,0.23333333333333334,left_shoulder,0.0,0.0,0.0,0.0,0.0,0.0
707af7b9-288d-4fde-9de7-406894a7b3a3,7,0.23333333333333334,right_shoulder,0.0,0.0,0.0,0.0,0.0,0.0
707af7b9-288d-4fde-9de7-406894a7b3a3,7,0.23333333333333334,left_elbow,0.0,0.0,0.0,0.0,0.0,0.0
707af7b9-288d-4fde-9de7-406894a7b3a3,7,0.23333333333333334,right_elbow,0.0,0.0,0.0,0.0,0.0,0.0
707af7b9-288d-4fde-9de7-406894a7b3a3,7,0.23333333333333334,left_wrist,0.0,0.0,0.0,0.0,0.0,0.0
707af7b9-288d-4fde-9de7-406894a7b3a3,7,0.23333333333333334,right_wrist,0.0,0.0,0.0,0.0,0.0,0.0
707af7b9-288d-4fde-9de7-406894a7b3a3,7,0.23333333333333334,left_hip,0.0,0.0,0.0,0.0,0.0,0.0
707af7b9-288d-4fde-9de7-406894a7b3a3,7,0.23333333333333334,right_hip,0.0,0.0,0.0,0.0,0.0,0.0
707af7b9-288d-4fde-9de7-406894a7b3a3,7,0.23333333333333334,left_knee,0.0,0.0,0.0,0.0,0.0,0.0
707af7b9-288d-4fde-9de7-406894a7b3a3,7,0.23333333333333334,right_knee,0.0,0.0,0.0,0.0,0.0,0.0
707af7b9-288d-4fde-9de7-406894a7b3a3,7,0.23333333333333334,left_ankle,0.0,0.0,0.0,0.0,0.0,0.0
707af7b9-288d-4fde-9de7-406894a7b3a3,7,0.23333333333333334,right_ankle,0.0,0.0,0.0,0.0,0.0,0.0
707af7b9-288d-4fde-9de7-406894a7b3a3,7,0.23333333333333334,left_heel,0.0,0.0,0.0,0.0,0.0,0.0
707af7b9-288d-4fde-9de7-406894a7b3a3,7,0.23333333333333334,right_heel,0.0,0.0,0.0,0.0,0.0,0.0
707af7b9-288d-4fde-9de7-406894a7b3a3,7,0.23333333333333334,left_foot_index,0.0,0.0,0.0,0.0,0.0,0.0
707af7b9-288d-4fde-9de7-406894a7b3a3,7,0.23333333333333334,right_foot_index,0.0,0.0,0.0,0.0,0.0,0.0
707af7b9-288d-4fde-9de7-406894a7b3a3,8,0.26666666666666666,nose,0.0,0.0,0.0,0.0,0.0,0.0
707af7b9-288d-4fde-9de7-406894a7b3a3,8,0.26666666666666666,left_shoulder,0.0,0.0,0.0,0.0,0.0,0.0
707af7b9-288d-4fde-9de7-406894a7b3a3,8,0.26666666666666666,right_shoulder,0.0,0.0,0.0,0.0,0.0,0.0
707af7b9-288d-4fde-9de7-406894a7b3a3,8,0.26666666666666666,left_elbow,0.0,0.0,0.0,0.0,0.0,0.0
707af7b9-288d-4fde-9de7-406894a7b3a3,8,0.26666666666666666,right_elbow,0.0,0.0,0.0,0.0,0.0,0.0
707af7b9-288d-4fde-9de7-406894a7b3a3,8,0.26666666666666666,left_wrist,0.0,0.0,0.0,0.0,0.0,0.0
707af7b9-288d-4fde-9de7-406894a7b3a3,8,0.26666666666666666,right_wrist,0.0,0.0,0.0,0.0,0.0,0.0
707af7b9-288d-4fde-9de7-406894a7b3a3,8,0.26666666666666666,left_hip,0.0,0.0,0.0,0.0,0.0,0.0
707af7b9-288d-4fde-9de7-406894a7b3a3,8,0.26666666666666666,right_hip,0.0,0.0,0.0,0.0,0.0,0.0
707af7b9-288d-4fde-9de7-406894a7b3a3,8,0.26666666666666666,left_knee,0.0,0.0,0.0,0.0,0.0,0.0
707af7b9-288d-4fde-9de7-406894a7b3a3,8,0.26666666666666666,right_knee,0.0,0.0,0.0,0.0,0.0,0.0
707af7b9-288d-4fde-9de7-406894a7b3a3,8,0.26666666666666666,left_ankle,0.0,0.0,0.0,0.0,0.0,0.0
707af7b9-288d-4fde-9de7-406894a7b3a3,8,0.26666666666666666,right_ankle,0.0,0.0,0.0,0.0,0.0,0.0
707af7b9-288d-4fde-9de7-406894a7b3a3,8,0.26666666666666666,left_heel,0.0,0.0,0.0,0.0,0.0,0.0
707af7b9-288d-4fde-9de7-406894a7b3a3,8,0.26666666666666666,right_heel,0.0,0.0,0.0,0.0,0.0,0.0
707af7b9-288d-4fde-9de7-406894a7b3a3,8,0.26666666666666666,left_foot_index,0.0,0.0,0.0,0.0,0.0,0.0
707af7b9-288d-4fde-9de7-406894a7b3a3,8,0.26666666666666666,right_foot_index,0.0,0.0,0.0,0.0,0.0,0.0
707af7b9-288d-4fde-9de7-406894a7b3a3,9,0.3,nose,0.0,0.0,0.0,0.0,0.0,0.0
707af7b9-288d-4fde-9de7-406894a7b3a3,9,0.3,left_shoulder,0.0,0.0,0.0,0.0,0.0,0.0
707af7b9-288d-4fde-9de7-406894a7b3a3,9,0.3,right_shoulder,0.0,0.0,0.0,0.0,0.0,0.0
707af7b9-288d-4fde-9de7-406894a7b3a3,9,0.3,left_elbow,0.0,0.0,0.0,0.0,0.0,0.0
707af7b9-288d-4fde-9de7-406894a7b3a3,9,0.3,right_elbow,0.0,0.0,0.0,0.0,0.0,0.0
707af7b9-288d-4fde-9de7-406894a7b3a3,9,0.3,left_wrist,0.0,0.0,0.0,0.0,0.0,0.0
707af7b9-288d-4fde-9de7-406894a7b3a3,9,0.3,right_wrist,0.0,0.0,0.0,0.0,0.0,0.0
707af7b9-288d-4fde-9de7-406894a7b3a3,9,0.3,left_hip,0.0,0.0,0.0,0.0,0.0,0.0
707af7b9-288d-4fde-9de7-406894a7b3a3,9,0.3,right_hip,0.0,0.0,0.0,0.0,0.0,0.0
707af7b9-288d-4fde-9de7-406894a7b3a3,9,0.3,left_knee,0.0,0.0,0.0,0.0,0.0,0.0
707af7b9-288d-4fde-9de7-406894a7b3a3,9,0.3,right_knee,0.0,0.0,0.0,0.0,0.0,0.0
707af7b9-288d-4fde-9de7-406894a7b3a3,9,0.3,left_ankle,0.0,0.0,0.0,0.0,0.0,0.0
707af7b9-288d-4fde-9de7-406894a7b3a3,9,0.3,right_ankle,0.0,0.0,0.0,0.0,0.0,0.0
707af7b9-288d-4fde-9de7-406894a7b3a3,9,0.3,left_heel,0.0,0.0,0.0,0.0,0.0,0.0
707af7b9-288d-4fde-9de7-406894a7b3a3,9,0.3,right_heel,0.0,0.0,0.0,0.0,0.0,0.0
707af7b9-288d-4fde-9de7-406894a7b3a3,9,0.3,left_foot_index,0.0,0.0,0.0,0.0,0.0,0.0
707af7b9-288d-4fde-9de7-406894a7b3a3,9,0.3,right_foot_index,0.0,0.0,0.0,0.0,0.0,0.0
707af7b9-288d-4fde-9de7-406894a7b3a3,10,0.3333333333333333,nose,0.0,0.0,0.0,0.0,0.0,0.0
707af7b9-288d-4fde-9de7-406894a7b3a3,10,0.3333333333333333,left_shoulder,0.0,0.0,0.0,0.0,0.0,0.0
707af7b9-288d-4fde-9de7-406894a7b3a3,10,0.3333333333333333,right_shoulder,0.0,0.0,0.0,0.0,0.0,0.0
707af7b9-288d-4fde-9de7-406894a7b3a3,10,0.3333333333333333,left_elbow,0.0,0.0,0.0,0.0,0.0,0.0
707af7b9-288d-4fde-9de7-406894a7b3a3,10,0.3333333333333333,right_elbow,0.0,0.0,0.0,0.0,0.0,0.0
707af7b9-288d-4fde-9de7-406894a7b3a3,10,0.3333333333333333,left_wrist,0.0,0.0,0.0,0.0,0.0,0.0
707af7b9-288d-4fde-9de7-406894a7b3a3,10,0.3333333333333333,right_wrist,0.0,0.0,0.0,0.0,0.0,0.0
707af7b9-288d-4fde-9de7-406894a7b3a3,10,0.3333333333333333,left_hip,0.0,0.0,0.0,0.0,0.0,0.0
707af7b9-288d-4fde-9de7-406894a7b3a3,10,0.3333333333333333,right_hip,0.0,0.0,0.0,0.0,0.0,0.0
707af7b9-288d-4fde-9de7-406894a7b3a3,10,0.3333333333333333,left_knee,0.0,0.0,0.0,0.0,0.0,0.0
707af7b9-288d-4fde-9de7-406894a7b3a3,10,0.3333333333333333,right_knee,0.0,0.0,0.0,0.0,0.0,0.0
707af7b9-288d-4fde-9de7-406894a7b3a3,10,0.3333333333333333,left_ankle,0.0,0.0,0.0,0.0,0.0,0.0
707af7b9-288d-4fde-9de7-406894a7b3a3,10,0.3333333333333333,right_ankle,0.0,0.0,0.0,0.0,0.0,0.0
707af7b9-288d-4fde-9de7-406894a7b3a3,10,0.3333333333333333,left_heel,0.0,0.0,0.0,0.0,0.0,0.0
707af7b9-288d-4fde-9de7-406894a7b3a3,10,0.3333333333333333,right_heel,0.0,0.0,0.0,0.0,0.0,0.0
707af7b9-288d-4fde-9de7-406894a7b3a3,10,0.3333333333333333,left_foot_index,0.0,0.0,0.0,0.0,0.0,0.0
707af7b9-288d-4fde-9de7-406894a7b3a3,10,0.3333333333333333,right_foot_index,0.0,0.0,0.0,0.0,0.0,0.0
707af7b9-288d-4fde-9de7-406894a7b3a3,11,0.36666666666666664,nose,0.0,0.0,0.0,0.0,0.0,0.0
707af7b9-288d-4fde-9de7-406894a7b3a3,11,0.36666666666666664,left_shoulder,0.0,0.0,0.0,0.0,0.0,0.0
707af7b9-288d-4fde-9de7-406894a7b3a3,11,0.36666666666666664,right_shoulder,0.0,0.0,0.0,0.0,0.0,0.0
707af7b9-288d-4fde-9de7-406894a7b3a3,11,0.36666666666666664,left_elbow,0.0,0.0,0.0,0.0,0.0,0.0
707af7b9-288d-4fde-9de7-406894a7b3a3,11,0.36666666666666664,right_elbow,0.0,0.0,0.0,0.0,0.0,0.0
707af7b9-288d-4fde-9de7-406894a7b3a3,11,0.36666666666666664,left_wrist,0.0,0.0,0.0,0.0,0.0,0.0
707af7b9-288d-4fde-9de7-406894a7b3a3,11,0.36666666666666664,right_wrist,0.0,0.0,0.0,0.0,0.0,0.0
707af7b9-288d-4fde-9de7-406894a7b3a3,11,0.36666666666666664,left_hip,0.0,0.0,0.0,0.0,0.0,0.0
707af7b9-288d-4fde-9de7-406894a7b3a3,11,0.36666666666666664,right_hip,0.0,0.0,0.0,0.0,0.0,0.0
707af7b9-288d-4fde-9de7-406894a7b3a3,11,0.36666666666666664,left_knee,0.0,0.0,0.0,0.0,0.0,0.0
707af7b9-288d-4fde-9de7-406894a7b3a3,11,0.36666666666666664,right_knee,0.0,0.0,0.0,0.0,0.0,0.0
707af7b9-288d-4fde-9de7-406894a7b3a3,11,0.36666666666666664,left_ankle,0.0,0.0,0.0,0.0,0.0,0.0
707af7b9-288d-4fde-9de7-406894a7b3a3,11,0.36666666666666664,right_ankle,0.0,0.0,0.0,0.0,0.0,0.0
707af7b9-288d-4fde-9de7-406894a7b3a3,11,0.36666666666666664,left_heel,0.0,0.0,0.0,0.0,0.0,0.0
707af7b9-288d-4fde-9de7-406894a7b3a3,11,0.36666666666666664,right_heel,0.0,0.0,0.0,0.0,0.0,0.0
707af7b9-288d-4fde-9de7-406894a7b3a3,11,0.36666666666666664,left_foot_index,0.0,0.0,0.0,0.0,0.0,0.0
707af7b9-288d-4fde-9de7-406894a7b3a3,11,0.36666666666666664,right_foot_index,0.0,0.0,0.0,0.0,0.0,0.0
707af7b9-288d-4fde-9de7-406894a7b3a3,12,0.4,nose,0.0,0.0,0.0,0.0,0.0,0.0
707af7b9-288d-4fde-9de7-406894a7b3a3,12,0.4,left_shoulder,0.0,0.0,0.0,0.0,0.0,0.0
707af7b9-288d-4fde-9de7-406894a7b3a3,12,0.4,right_shoulder,0.0,0.0,0.0,0.0,0.0,0.0
707af7b9-288d-4fde-9de7-406894a7b3a3,12,0.4,left_elbow,0.0,0.0,0.0,0.0,0.0,0.0
707af7b9-288d-4fde-9de7-406894a7b3a3,12,0.4,right_elbow,0.0,0.0,0.0,0.0,0.0,0.0
707af7b9-288d-4fde-9de7-406894a7b3a3,12,0.4,left_wrist,0.0,0.0,0.0,0.0,0.0,0.0
707af7b9-288d-4fde-9de7-406894a7b3a3,12,0.4,right_wrist,0.0,0.0,0.0,0.0,0.0,0.0
707af7b9-288d-4fde-9de7-406894a7b3a3,12,0.4,left_hip,0.0,0.0,0.0,0.0,0.0,0.0
707af7b9-288d-4fde-9de7-406894a7b3a3,12,0.4,right_hip,0.0,0.0,0.0,0.0,0.0,0.0
707af7b9-288d-4fde-9de7-406894a7b3a3,12,0.4,left_knee,0.0,0.0,0.0,0.0,0.0,0.0
707af7b9-288d-4fde-9de7-406894a7b3a3,12,0.4,right_knee,0.0,0.0,0.0,0.0,0.0,0.0
707af7b9-288d-4fde-9de7-406894a7b3a3,12,0.4,left_ankle,0.0,0.0,0.0,0.0,0.0,0.0
707af7b9-288d-4fde-9de7-406894a7b3a3,12,0.4,right_ankle,0.0,0.0,0.0,0.0,0.0,0.0
707af7b9-288d-4fde-9de7-406894a7b3a3,12,0.4,left_heel,0.0,0.0,0.0,0.0,0.0,0.0
707af7b9-288d-4fde-9de7-406894a7b3a3,12,0.4,right_heel,0.0,0.0,0.0,0.0,0.0,0.0
707af7b9-288d-4fde-9de7-406894a7b3a3,12,0.4,left_foot_index,0.0,0.0,0.0,0.0,0.0,0.0
707af7b9-288d-4fde-9de7-406894a7b3a3,12,0.4,right_foot_index,0.0,0.0,0.0,0.0,0.0,0.0
707af7b9-288d-4fde-9de7-406894a7b3a3,13,0.43333333333333335,nose,0.0,0.0,0.0,0.0,0.0,0.0
707af7b9-288d-4fde-9de7-406894a7b3a3,13,0.43333333333333335,left_shoulder,0.0,0.0,0.0,0.0,0.0,0.0
707af7b9-288d-4fde-9de7-406894a7b3a3,13,0.43333333333333335,right_shoulder,0.0,0.0,0.0,0.0,0.0,0.0
707af7b9-288d-4fde-9de7-406894a7b3a3,13,0.43333333333333335,left_elbow,0.0,0.0,0.0,0.0,0.0,0.0
707af7b9-288d-4fde-9de7-406894a7b3a3,13,0.43333333333333335,right_elbow,0.0,0.0,0.0,0.0,0.0,0.0
707af7b9-288d-4fde-9de7-406894a7b3a3,13,0.43333333333333335,left_wrist,0.0,0.0,0.0,0.0,0.0,0.0
707af7b9-288d-4fde-9de7-406894a7b3a3,13,0.43333333333333335,right_wrist,0.0,0.0,0.0,0.0,0.0,0.0
707af7b9-288d-4fde-9de7-406894a7b3a3,13,0.43333333333333335,left_hip,0.0,0.0,0.0,0.0,0.0,0.0
707af7b9-288d-4fde-9de7-406894a7b3a3,13,0.43333333333333335,right_hip,0.0,0.0,0.0,0.0,0.0,0.0
707af7b9-288d-4fde-9de7-406894a7b3a3,13,0.43333333333333335,left_knee,0.0,0.0,0.0,0.0,0.0,0.0
707af7b9-288d-4fde-9de7-406894a7b3a3,13,0.43333333333333335,right_knee,0.0,0.0,0.0,0.0,0.0,0.0
707af7b9-288d-4fde-9de7-406894a7b3a3,13,0.43333333333333335,left_ankle,0.0,0.0,0.0,0.0,0.0,0.0
707af7b9-288d-4fde-9de7-406894a7b3a3,13,0.43333333333333335,right_ankle,0.0,0.0,0.0,0.0,0.0,0.0
707af7b9-288d-4fde-9de7-406894a7b3a3,13,0.43333333333333335,left_heel,0.0,0.0,0.0,0.0,0.0,0.0
707af7b9-288d-4fde-9de7-406894a7b3a3,13,0.43333333333333335,right_heel,0.0,0.0,0.0,0.0,0.0,0.0
707af7b9-288d-4fde-9de7-406894a7b3a3,13,0.43333333333333335,left_foot_index,0.0,0.0,0.0,0.0,0.0,0.0
707af7b9-288d-4fde-9de7-406894a7b3a3,13,0.43333333333333335,right_foot_index,0.0,0.0,0.0,0.0,0.0,0.0
707af7b9-288d-4fde-9de7-406894a7b3a3,14,0.4666666666666667,nose,0.0,0.0,0.0,0.0,0.0,0.0
707af7b9-288d-4fde-9de7-406894a7b3a3,14,0.4666666666666667,left_shoulder,0.0,0.0,0.0,0.0,0.0,0.0
707af7b9-288d-4fde-9de7-406894a7b3a3,14,0.4666666666666667,right_shoulder,0.0,0.0,0.0,0.0,0.0,0.0
707af7b9-288d-4fde-9de7-406894a7b3a3,14,0.4666666666666667,left_elbow,0.0,0.0,0.0,0.0,0.0,0.0
707af7b9-288d-4fde-9de7-406894a7b3a3,14,0.4666666666666667,right_elbow,0.0,0.0,0.0,0.0,0.0,0.0
707af7b9-288d-4fde-9de7-406894a7b3a3,14,0.4666666666666667,left_wrist,0.0,0.0,0.0,0.0,0.0,0.0
707af7b9-288d-4fde-9de7-406894a7b3a3,14,0.4666666666666667,right_wrist,0.0,0.0,0.0,0.0,0.0,0.0
707af7b9-288d-4fde-9de7-406894a7b3a3,14,0.4666666666666667,left_hip,0.0,0.0,0.0,0.0,0.0,0.0
707af7b9-288d-4fde-9de7-406894a7b3a3,14,0.4666666666666667,right_hip,0.0,0.0,0.0,0.0,0.0,0.0
707af7b9-288d-4fde-9de7-406894a7b3a3,14,0.4666666666666667,left_knee,0.0,0.0,0.0,0.0,0.0,0.0
707af7b9-288d-4fde-9de7-406894a7b3a3,14,0.4666666666666667,right_knee,0.0,0.0,0.0,0.0,0.0,0.0
707af7b9-288d-4fde-9de7-406894a7b3a3,14,0.4666666666666667,left_ankle,0.0,0.0,0.0,0.0,0.0,0.0
707af7b9-288d-4fde-9de7-406894a7b3a3,14,0.4666666666666667,right_ankle,0.0,0.0,0.0,0.0,0.0,0.0
707af7b9-288d-4fde-9de7-406894a7b3a3,14,0.4666666666666667,left_heel,0.0,0.0,0.0,0.0,0.0,0.0
707af7b9-288d-4fde-9de7-406894a7b3a3,14,0.4666666666666667,right_heel,0.0,0.0,0.0,0.0,0.0,0.0
707af7b9-288d-4fde-9de7-406894a7b3a3,14,0.4666666666666667,left_foot_index,0.0,0.0,0.0,0.0,0.0,0.0
707af7b9-288d-4fde-9de7-406894a7b3a3,14,0.4666666666666667,right_foot_index,0.0,0.0,0.0,0.0,0.0,0.0
707af7b9-288d-4fde-9de7-406894a7b3a3,15,0.5,nose,0.0,0.0,0.0,0.0,0.0,0.0
707af7b9-288d-4fde-9de7-406894a7b3a3,15,0.5,left_shoulder,0.0,0.0,0.0,0.0,0.0,0.0
707af7b9-288d-4fde-9de7-406894a7b3a3,15,0.5,right_shoulder,0.0,0.0,0.0,0.0,0.0,0.0
707af7b9-288d-4fde-9de7-406894a7b3a3,15,0.5,left_elbow,0.0,0.0,0.0,0.0,0.0,0.0
707af7b9-288d-4fde-9de7-406894a7b3a3,15,0.5,right_elbow,0.0,0.0,0.0,0.0,0.0,0.0
707af7b9-288d-4fde-9de7-406894a7b3a3,15,0.5,left_wrist,0.0,0.0,0.0,0.0,0.0,0.0
707af7b9-288d-4fde-9de7-406894a7b3a3,15,0.5,right_wrist,0.0,0.0,0.0,0.0,0.0,0.0
707af7b9-288d-4fde-9de7-406894a7b3a3,15,0.5,left_hip,0.0,0.0,0.0,0.0,0.0,0.0
707af7b9-288d-4fde-9de7-406894a7b3a3,15,0.5,right_hip,0.0,0.0,0.0,0.0,0.0,0.0
707af7b9-288d-4fde-9de7-406894a7b3a3,15,0.5,left_knee,0.0,0.0,0.0,0.0,0.0,0.0
707af7b9-288d-4fde-9de7-406894a7b3a3,15,0.5,right_knee,0.0,0.0,0.0,0.0,0.0,0.0
707af7b9-288d-4fde-9de7-406894a7b3a3,15,0.5,left_ankle,0.0,0.0,0.0,0.0,0.0,0.0
707af7b9-288d-4fde-9de7-406894a7b3a3,15,0.5,right_ankle,0.0,0.0,0.0,0.0,0.0,0.0
707af7b9-288d-4fde-9de7-406894a7b3a3,15,0.5,left_heel,0.0,0.0,0.0,0.0,0.0,0.0
707af7b9-288d-4fde-9de7-406894a7b3a3,15,0.5,right_heel,0.0,0.0,0.0,0.0,0.0,0.0
707af7b9-288d-4fde-9de7-406894a7b3a3,15,0.5,left_foot_index,0.0,0.0,0.0,0.0,0.0,0.0
707af7b9-288d-4fde-9de7-406894a7b3a3,15,0.5,right_foot_index,0.0,0.0,0.0,0.0,0.0,0.0
707af7b9-288d-4fde-9de7-406894a7b3a3,16,0.5333333333333333,nose,0.0,0.0,0.0,0.0,0.0,0.0
707af7b9-288d-4fde-9de7-406894a7b3a3,16,0.5333333333333333,left_shoulder,0.0,0.0,0.0,0.0,0.0,0.0
707af7b9-288d-4fde-9de7-406894a7b3a3,16,0.5333333333333333,right_shoulder,0.0,0.0,0.0,0.0,0.0,0.0
707af7b9-288d-4fde-9de7-406894a7b3a3,16,0.5333333333333333,left_elbow,0.0,0.0,0.0,0.0,0.0,0.0
707af7b9-288d-4fde-9de7-406894a7b3a3,16,0.5333333333333333,right_elbow,0.0,0.0,0.0,0.0,0.0,0.0
707af7b9-288d-4fde-9de7-406894a7b3a3,16,0.5333333333333333,left_wrist,0.0,0.0,0.0,0.0,0.0,0.0
707af7b9-288d-4fde-9de7-406894a7b3a3,16,0.5333333333333333,right_wrist,0.0,0.0,0.0,0.0,0.0,0.0
707af7b9-288d-4fde-9de7-406894a7b3a3,16,0.5333333333333333,left_hip,0.0,0.0,0.0,0.0,0.0,0.0
707af7b9-288d-4fde-9de7-406894a7b3a3,16,0.5333333333333333,right_hip,0.0,0.0,0.0,0.0,0.0,0.0
707af7b9-288d-4fde-9de7-406894a7b3a3,16,0.5333333333333333,left_knee,0.0,0.0,0.0,0.0,0.0,0.0
707af7b9-288d-4fde-9de7-406894a7b3a3,16,0.5333333333333333,right_knee,0.0,0.0,0.0,0.0,0.0,0.0
707af7b9-288d-4fde-9de7-406894a7b3a3,16,0.5333333333333333,left_ankle,0.0,0.0,0.0,0.0,0.0,0.0
707af7b9-288d-4fde-9de7-406894a7b3a3,16,0.5333333333333333,right_ankle,0.0,0.0,0.0,0.0,0.0,0.0
707af7b9-288d-4fde-9de7-406894a7b3a3,16,0.5333333333333333,left_heel,0.0,0.0,0.0,0.0,0.0,0.0
707af7b9-288d-4fde-9de7-406894a7b3a3,16,0.5333333333333333,right_heel,0.0,0.0,0.0,0.0,0.0,0.0
707af7b9-288d-4fde-9de7-406894a7b3a3,16,0.5333333333333333,left_foot_index,0.0,0.0,0.0,0.0,0.0,0.0
707af7b9-288d-4fde-9de7-406894a7b3a3,16,0.5333333333333333,right_foot_index,0.0,0.0,0.0,0.0,0.0,0.0
707af7b9-288d-4fde-9de7-406894a7b3a3,17,0.5666666666666667,nose,0.0,0.0,0.0,0.0,0.0,0.0
707af7b9-288d-4fde-9de7-406894a7b3a3,17,0.5666666666666667,left_shoulder,0.0,0.0,0.0,0.0,0.0,0.0
707af7b9-288d-4fde-9de7-406894a7b3a3,17,0.5666666666666667,right_shoulder,0.0,0.0,0.0,0.0,0.0,0.0
707af7b9-288d-4fde-9de7-406894a7b3a3,17,0.5666666666666667,left_elbow,0.0,0.0,0.0,0.0,0.0,0.0
707af7b9-288d-4fde-9de7-406894a7b3a3,17,0.5666666666666667,right_elbow,0.0,0.0,0.0,0.0,0.0,0.0
707af7b9-288d-4fde-9de7-406894a7b3a3,17,0.5666666666666667,left_wrist,0.0,0.0,0.0,0.0,0.0,0.0
707af7b9-288d-4fde-9de7-406894a7b3a3,17,0.5666666666666667,right_wrist,0.0,0.0,0.0,0.0,0.0,0.0
707af7b9-288d-4fde-9de7-406894a7b3a3,17,0.5666666666666667,left_hip,0.0,0.0,0.0,0.0,0.0,0.0
707af7b9-288d-4fde-9de7-406894a7b3a3,17,0.5666666666666667,right_hip,0.0,0.0,0.0,0.0,0.0,0.0
707af7b9-288d-4fde-9de7-406894a7b3a3,17,0.5666666666666667,left_knee,0.0,0.0,0.0,0.0,0.0,0.0
707af7b9-288d-4fde-9de7-406894a7b3a3,17,0.5666666666666667,right_knee,0.0,0.0,0.0,0.0,0.0,0.0
707af7b9-288d-4fde-9de7-406894a7b3a3,17,0.5666666666666667,left_ankle,0.0,0.0,0.0,0.0,0.0,0.0
707af7b9-288d-4fde-9de7-406894a7b3a3,17,0.5666666666666667,right_ankle,0.0,0.0,0.0,0.0,0.0,0.0
707af7b9-288d-4fde-9de7-406894a7b3a3,17,0.5666666666666667,left_heel,0.0,0.0,0.0,0.0,0.0,0.0
707af7b9-288d-4fde-9de7-406894a7b3a3,17,0.5666666666666667,right_heel,0.0,0.0,0.0,0.0,0.0,0.0
707af7b9-288d-4fde-9de7-406894a7b3a3,17,0.5666666666666667,left_foot_index,0.0,0.0,0.0,0.0,0.0,0.0
707af7b9-288d-4fde-9de7-406894a7b3a3,17,0.5666666666666667,right_foot_index,0.0,0.0,0.0,0.0,0.0,0.0
707af7b9-288d-4fde-9de7-406894a7b3a3,18,0.6,nose,0.0,0.0,0.0,0.0,0.0,0.0
707af7b9-288d-4fde-9de7-406894a7b3a3,18,0.6,left_shoulder,0.0,0.0,0.0,0.0,0.0,0.0
707af7b9-288d-4fde-9de7-406894a7b3a3,18,0.6,right_shoulder,0.0,0.0,0.0,0.0,0.0,0.0
707af7b9-288d-4fde-9de7-406894a7b3a3,18,0.6,left_elbow,0.0,0.0,0.0,0.0,0.0,0.0
707af7b9-288d-4fde-9de7-406894a7b3a3,18,0.6,right_elbow,0.0,0.0,0.0,0.0,0.0,0.0
707af7b9-288d-4fde-9de7-406894a7b3a3,18,0.6,left_wrist,0.0,0.0,0.0,0.0,0.0,0.0
707af7b9-288d-4fde-9de7-406894a7b3a3,18,0.6,right_wrist,0.0,0.0,0.0,0.0,0.0,0.0
707af7b9-288d-4fde-9de7-406894a7b3a3,18,0.6,left_hip,0.0,0.0,0.0,0.0,0.0,0.0
707af7b9-288d-4fde-9de7-406894a7b3a3,18,0.6,right_hip,0.0,0.0,0.0,0.0,0.0,0.0
707af7b9-288d-4fde-9de7-406894a7b3a3,18,0.6,left_knee,0.0,0.0,0.0,0.0,0.0,0.0
707af7b9-288d-4fde-9de7-406894a7b3a3,18,0.6,right_knee,0.0,0.0,0.0,0.0,0.0,0.0
707af7b9-288d-4fde-9de7-406894a7b3a3,18,0.6,left_ankle,0.0,0.0,0.0,0.0,0.0,0.0
707af7b9-288d-4fde-9de7-406894a7b3a3,18,0.6,right_ankle,0.0,0.0,0.0,0.0,0.0,0.0
707af7b9-288d-4fde-9de7-406894a7b3a3,18,0.6,left_heel,0.0,0.0,0.0,0.0,0.0,0.0
707af7b9-288d-4fde-9de7-406894a7b3a3,18,0.6,right_heel,0.0,0.0,0.0,0.0,0.0,0.0
707af7b9-288d-4fde-9de7-406894a7b3a3,18,0.6,left_foot_index,0.0,0.0,0.0,0.0,0.0,0.0
707af7b9-288d-4fde-9de7-406894a7b3a3,18,0.6,right_foot_index,0.0,0.0,0.0,0.0,0.0,0.0
707af7b9-288d-4fde-9de7-406894a7b3a3,19,0.6333333333333333,nose,0.0,0.0,0.0,0.0,0.0,0.0
707af7b9-288d-4fde-9de7-406894a7b3a3,19,0.6333333333333333,left_shoulder,0.0,0.0,0.0,0.0,0.0,0.0
707af7b9-288d-4fde-9de7-406894a7b3a3,19,0.6333333333333333,right_shoulder,0.0,0.0,0.0,0.0,0.0,0.0
707af7b9-288d-4fde-9de7-406894a7b3a3,19,0.6333333333333333,left_elbow,0.0,0.0,0.0,0.0,0.0,0.0
707af7b9-288d-4fde-9de7-406894a7b3a3,19,0.6333333333333333,right_elbow,0.0,0.0,0.0,0.0,0.0,0.0
707af7b9-288d-4fde-9de7-406894a7b3a3,19,0.6333333333333333,left_wrist,0.0,0.0,0.0,0.0,0.0,0.0
707af7b9-288d-4fde-9de7-406894a7b3a3,19,0.6333333333333333,right_wrist,0.0,0.0,0.0,0.0,0.0,0.0
707af7b9-288d-4fde-9de7-406894a7b3a3,19,0.6333333333333333,left_hip,0.0,0.0,0.0,0.0,0.0,0.0
707af7b9-288d-4fde-9de7-406894a7b3a3,19,0.6333333333333333,right_hip,0.0,0.0,0.0,0.0,0.0,0.0
707af7b9-288d-4fde-9de7-406894a7b3a3,19,0.6333333333333333,left_knee,0.0,0.0,0.0,0.0,0.0,0.0
707af7b9-288d-4fde-9de7-406894a7b3a3,19,0.6333333333333333,right_knee,0.0,0.0,0.0,0.0,0.0,0.0
707af7b9-288d-4fde-9de7-406894a7b3a3,19,0.6333333333333333,left_ankle,0.0,0.0,0.0,0.0,0.0,0.0
707af7b9-288d-4fde-9de7-406894a7b3a3,19,0.6333333333333333,right_ankle,0.0,0.0,0.0,0.0,0.0,0.0
707af7b9-288d-4fde-9de7-406894a7b3a3,19,0.6333333333333333,left_heel,0.0,0.0,0.0,0.0,0.0,0.0
707af7b9-288d-4fde-9de7-406894a7b3a3,19,0.6333333333333333,right_heel,0.0,0.0,0.0,0.0,0.0,0.0
707af7b9-288d-4fde-9de7-406894a7b3a3,19,0.6333333333333333,left_foot_index,0.0,0.0,0.0,0.0,0.0,0.0
707af7b9-288d-4fde-9de7-406894a7b3a3,19,0.6333333333333333,right_foot_index,0.0,0.0,0.0,0.0,0.0,0.0
707af7b9-288d-4fde-9de7-406894a7b3a3,20,0.6666666666666666,nose,0.0,0.0,0.0,0.0,0.0,0.0
707af7b9-288d-4fde-9de7-406894a7b3a3,20,0.6666666666666666,left_shoulder,0.0,0.0,0.0,0.0,0.0,0.0
707af7b9-288d-4fde-9de7-406894a7b3a3,20,0.6666666666666666,right_shoulder,0.0,0.0,0.0,0.0,0.0,0.0
707af7b9-288d-4fde-9de7-406894a7b3a3,20,0.6666666666666666,left_elbow,0.0,0.0,0.0,0.0,0.0,0.0
707af7b9-288d-4fde-9de7-406894a7b3a3,20,0.6666666666666666,right_elbow,0.0,0.0,0.0,0.0,0.0,0.0
707af7b9-288d-4fde-9de7-406894a7b3a3,20,0.6666666666666666,left_wrist,0.0,0.0,0.0,0.0,0.0,0.0
707af7b9-288d-4fde-9de7-406894a7b3a3,20,0.6666666666666666,right_wrist,0.0,0.0,0.0,0.0,0.0,0.0
707af7b9-288d-4fde-9de7-406894a7b3a3,20,0.6666666666666666,left_hip,0.0,0.0,0.0,0.0,0.0,0.0
707af7b9-288d-4fde-9de7-406894a7b3a3,20,0.6666666666666666,right_hip,0.0,0.0,0.0,0.0,0.0,0.0
707af7b9-288d-4fde-9de7-406894a7b3a3,20,0.6666666666666666,left_knee,0.0,0.0,0.0,0.0,0.0,0.0
707af7b9-288d-4fde-9de7-406894a7b3a3,20,0.6666666666666666,right_knee,0.0,0.0,0.0,0.0,0.0,0.0
707af7b9-288d-4fde-9de7-406894a7b3a3,20,0.6666666666666666,left_ankle,0.0,0.0,0.0,0.0,0.0,0.0
707af7b9-288d-4fde-9de7-406894a7b3a3,20,0.6666666666666666,right_ankle,0.0,0.0,0.0,0.0,0.0,0.0
707af7b9-288d-4fde-9de7-406894a7b3a3,20,0.6666666666666666,left_heel,0.0,0.0,0.0,0.0,0.0,0.0
707af7b9-288d-4fde-9de7-406894a7b3a3,20,0.6666666666666666,right_heel,0.0,0.0,0.0,0.0,0.0,0.0
707af7b9-288d-4fde-9de7-406894a7b3a3,20,0.6666666666666666,left_foot_index,0.0,0.0,0.0,0.0,0.0,0.0
707af7b9-288d-4fde-9de7-406894a7b3a3,20,0.6666666666666666,right_foot_index,0.0,0.0,0.0,0.0,0.0,0.0
707af7b9-288d-4fde-9de7-406894a7b3a3,21,0.7,nose,0.0,0.0,0.0,0.0,0.0,0.0
707af7b9-288d-4fde-9de7-406894a7b3a3,21,0.7,left_shoulder,0.0,0.0,0.0,0.0,0.0,0.0
707af7b9-288d-4fde-9de7-406894a7b3a3,21,0.7,right_shoulder,0.0,0.0,0.0,0.0,0.0,0.0
707af7b9-288d-4fde-9de7-406894a7b3a3,21,0.7,left_elbow,0.0,0.0,0.0,0.0,0.0,0.0
707af7b9-288d-4fde-9de7-406894a7b3a3,21,0.7,right_elbow,0.0,0.0,0.0,0.0,0.0,0.0
707af7b9-288d-4fde-9de7-406894a7b3a3,21,0.7,left_wrist,0.0,0.0,0.0,0.0,0.0,0.0
707af7b9-288d-4fde-9de7-406894a7b3a3,21,0.7,right_wrist,0.0,0.0,0.0,0.0,0.0,0.0
707af7b9-288d-4fde-9de7-406894a7b3a3,21,0.7,left_hip,0.0,0.0,0.0,0.0,0.0,0.0
707af7b9-288d-4fde-9de7-406894a7b3a3,21,0.7,right_hip,0.0,0.0,0.0,0.0,0.0,0.0
707af7b9-288d-4fde-9de7-406894a7b3a3,21,0.7,left_knee,0.0,0.0,0.0,0.0,0.0,0.0
707af7b9-288d-4fde-9de7-406894a7b3a3,21,0.7,right_knee,0.0,0.0,0.0,0.0,0.0,0.0
707af7b9-288d-4fde-9de7-406894a7b3a3,21,0.7,left_ankle,0.0,0.0,0.0,0.0,0.0,0.0
707af7b9-288d-4fde-9de7-406894a7b3a3,21,0.7,right_ankle,0.0,0.0,0.0,0.0,0.0,0.0
707af7b9-288d-4fde-9de7-406894a7b3a3,21,0.7,left_heel,0.0,0.0,0.0,0.0,0.0,0.0
707af7b9-288d-4fde-9de7-406894a7b3a3,21,0.7,right_heel,0.0,0.0,0.0,0.0,0.0,0.0
707af7b9-288d-4fde-9de7-406894a7b3a3,21,0.7,left_foot_index,0.0,0.0,0.0,0.0,0.0,0.0
707af7b9-288d-4fde-9de7-406894a7b3a3,21,0.7,right_foot_index,0.0,0.0,0.0,0.0,0.0,0.0
707af7b9-288d-4fde-9de7-406894a7b3a3,22,0.7333333333333333,nose,0.0,0.0,0.0,0.0,0.0,0.0
707af7b9-288d-4fde-9de7-406894a7b3a3,22,0.7333333333333333,left_shoulder,0.0,0.0,0.0,0.0,0.0,0.0
707af7b9-288d-4fde-9de7-406894a7b3a3,22,0.7333333333333333,right_shoulder,0.0,0.0,0.0,0.0,0.0,0.0
707af7b9-288d-4fde-9de7-406894a7b3a3,22,0.7333333333333333,left_elbow,0.0,0.0,0.0,0.0,0.0,0.0
707af7b9-288d-4fde-9de7-406894a7b3a3,22,0.7333333333333333,right_elbow,0.0,0.0,0.0,0.0,0.0,0.0
707af7b9-288d-4fde-9de7-406894a7b3a3,22,0.7333333333333333,left_wrist,0.0,0.0,0.0,0.0,0.0,0.0
707af7b9-288d-4fde-9de7-406894a7b3a3,22,0.7333333333333333,right_wrist,0.0,0.0,0.0,0.0,0.0,0.0
707af7b9-288d-4fde-9de7-406894a7b3a3,22,0.7333333333333333,left_hip,0.0,0.0,0.0,0.0,0.0,0.0
707af7b9-288d-4fde-9de7-406894a7b3a3,22,0.7333333333333333,right_hip,0.0,0.0,0.0,0.0,0.0,0.0
707af7b9-288d-4fde-9de7-406894a7b3a3,22,0.7333333333333333,left_knee,0.0,0.0,0.0,0.0,0.0,0.0
707af7b9-288d-4fde-9de7-406894a7b3a3,22,0.7333333333333333,right_knee,0.0,0.0,0.0,0.0,0.0,0.0
707af7b9-288d-4fde-9de7-406894a7b3a3,22,0.7333333333333333,left_ankle,0.0,0.0,0.0,0.0,0.0,0.0
707af7b9-288d-4fde-9de7-406894a7b3a3,22,0.7333333333333333,right_ankle,0.0,0.0,0.0,0.0,0.0,0.0
707af7b9-288d-4fde-9de7-406894a7b3a3,22,0.7333333333333333,left_heel,0.0,0.0,0.0,0.0,0.0,0.0
707af7b9-288d-4fde-9de7-406894a7b3a3,22,0.7333333333333333,right_heel,0.0,0.0,0.0,0.0,0.0,0.0
707af7b9-288d-4fde-9de7-406894a7b3a3,22,0.7333333333333333,left_foot_index,0.0,0.0,0.0,0.0,0.0,0.0
707af7b9-288d-4fde-9de7-406894a7b3a3,22,0.7333333333333333,right_foot_index,0.0,0.0,0.0,0.0,0.0,0.0
707af7b9-288d-4fde-9de7-406894a7b3a3,23,0.7666666666666667,nose,0.0,0.0,0.0,0.0,0.0,0.0
707af7b9-288d-4fde-9de7-406894a7b3a3,23,0.7666666666666667,left_shoulder,0.0,0.0,0.0,0.0,0.0,0.0
707af7b9-288d-4fde-9de7-406894a7b3a3,23,0.7666666666666667,right_shoulder,0.0,0.0,0.0,0.0,0.0,0.0
707af7b9-288d-4fde-9de7-406894a7b3a3,23,0.7666666666666667,left_elbow,0.0,0.0,0.0,0.0,0.0,0.0
707af7b9-288d-4fde-9de7-406894a7b3a3,23,0.7666666666666667,right_elbow,0.0,0.0,0.0,0.0,0.0,0.0
707af7b9-288d-4fde-9de7-406894a7b3a3,23,0.7666666666666667,left_wrist,0.0,0.0,0.0,0.0,0.0,0.0
707af7b9-288d-4fde-9de7-406894a7b3a3,23,0.7666666666666667,right_wrist,0.0,0.0,0.0,0.0,0.0,0.0
707af7b9-288d-4fde-9de7-406894a7b3a3,23,0.7666666666666667,left_hip,0.0,0.0,0.0,0.0,0.0,0.0
707af7b9-288d-4fde-9de7-406894a7b3a3,23,0.7666666666666667,right_hip,0.0,0.0,0.0,0.0,0.0,0.0
707af7b9-288d-4fde-9de7-406894a7b3a3,23,0.7666666666666667,left_knee,0.0,0.0,0.0,0.0,0.0,0.0
707af7b9-288d-4fde-9de7-406894a7b3a3,23,0.7666666666666667,right_knee,0.0,0.0,0.0,0.0,0.0,0.0
707af7b9-288d-4fde-9de7-406894a7b3a3,23,0.7666666666666667,left_ankle,0.0,0.0,0.0,0.0,0.0,0.0
707af7b9-288d-4fde-9de7-406894a7b3a3,23,0.7666666666666667,right_ankle,0.0,0.0,0.0,0.0,0.0,0.0
707af7b9-288d-4fde-9de7-406894a7b3a3,23,0.7666666666666667,left_heel,0.0,0.0,0.0,0.0,0.0,0.0
707af7b9-288d-4fde-9de7-406894a7b3a3,23,0.7666666666666667,right_heel,0.0,0.0,0.0,0.0,0.0,0.0
707af7b9-288d-4fde-9de7-406894a7b3a3,23,0.7666666666666667,left_foot_index,0.0,0.0,0.0,0.0,0.0,0.0
707af7b9-288d-4fde-9de7-406894a7b3a3,23,0.7666666666666667,right_foot_index,0.0,0.0,0.0,0.0,0.0,0.0
707af7b9-288d-4fde-9de7-406894a7b3a3,24,0.8,nose,0.0,0.0,0.0,0.0,0.0,0.0
707af7b9-288d-4fde-9de7-406894a7b3a3,24,0.8,left_shoulder,0.0,0.0,0.0,0.0,0.0,0.0
707af7b9-288d-4fde-9de7-406894a7b3a3,24,0.8,right_shoulder,0.0,0.0,0.0,0.0,0.0,0.0
707af7b9-288d-4fde-9de7-406894a7b3a3,24,0.8,left_elbow,0.0,0.0,0.0,0.0,0.0,0.0
707af7b9-288d-4fde-9de7-406894a7b3a3,24,0.8,right_elbow,0.0,0.0,0.0,0.0,0.0,0.0
707af7b9-288d-4fde-9de7-406894a7b3a3,24,0.8,left_wrist,0.0,0.0,0.0,0.0,0.0,0.0
707af7b9-288d-4fde-9de7-406894a7b3a3,24,0.8,right_wrist,0.0,0.0,0.0,0.0,0.0,0.0
707af7b9-288d-4fde-9de7-406894a7b3a3,24,0.8,left_hip,0.0,0.0,0.0,0.0,0.0,0.0
707af7b9-288d-4fde-9de7-406894a7b3a3,24,0.8,right_hip,0.0,0.0,0.0,0.0,0.0,0.0
707af7b9-288d-4fde-9de7-406894a7b3a3,24,0.8,left_knee,0.0,0.0,0.0,0.0,0.0,0.0
707af7b9-288d-4fde-9de7-406894a7b3a3,24,0.8,right_knee,0.0,0.0,0.0,0.0,0.0,0.0
707af7b9-288d-4fde-9de7-406894a7b3a3,24,0.8,left_ankle,0.0,0.0,0.0,0.0,0.0,0.0
707af7b9-288d-4fde-9de7-406894a7b3a3,24,0.8,right_ankle,0.0,0.0,0.0,0.0,0.0,0.0
707af7b9-288d-4fde-9de7-406894a7b3a3,24,0.8,left_heel,0.0,0.0,0.0,0.0,0.0,0.0
707af7b9-288d-4fde-9de7-406894a7b3a3,24,0.8,right_heel,0.0,0.0,0.0,0.0,0.0,0.0
707af7b9-288d-4fde-9de7-406894a7b3a3,24,0.8,left_foot_index,0.0,0.0,0.0,0.0,0.0,0.0
707af7b9-288d-4fde-9de7-406894a7b3a3,24,0.8,right_foot_index,0.0,0.0,0.0,0.0,0.0,0.0
707af7b9-288d-4fde-9de7-406894a7b3a3,25,0.8333333333333334,nose,0.0,0.0,0.0,0.0,0.0,0.0
707af7b9-288d-4fde-9de7-406894a7b3a3,25,0.8333333333333334,left_shoulder,0.0,0.0,0.0,0.0,0.0,0.0
707af7b9-288d-4fde-9de7-406894a7b3a3,25,0.8333333333333334,right_shoulder,0.0,0.0,0.0,0.0,0.0,0.0
707af7b9-288d-4fde-9de7-406894a7b3a3,25,0.8333333333333334,left_elbow,0.0,0.0,0.0,0.0,0.0,0.0
707af7b9-288d-4fde-9de7-406894a7b3a3,25,0.8333333333333334,right_elbow,0.0,0.0,0.0,0.0,0.0,0.0
707af7b9-288d-4fde-9de7-406894a7b3a3,25,0.8333333333333334,left_wrist,0.0,0.0,0.0,0.0,0.0,0.0
707af7b9-288d-4fde-9de7-406894a7b3a3,25,0.8333333333333334,right_wrist,0.0,0.0,0.0,0.0,0.0,0.0
707af7b9-288d-4fde-9de7-406894a7b3a3,25,0.8333333333333334,left_hip,0.0,0.0,0.0,0.0,0.0,0.0
707af7b9-288d-4fde-9de7-406894a7b3a3,25,0.8333333333333334,right_hip,0.0,0.0,0.0,0.0,0.0,0.0
707af7b9-288d-4fde-9de7-406894a7b3a3,25,0.8333333333333334,left_knee,0.0,0.0,0.0,0.0,0.0,0.0
707af7b9-288d-4fde-9de7-406894a7b3a3,25,0.8333333333333334,right_knee,0.0,0.0,0.0,0.0,0.0,0.0
707af7b9-288d-4fde-9de7-406894a7b3a3,25,0.8333333333333334,left_ankle,0.0,0.0,0.0,0.0,0.0,0.0
707af7b9-288d-4fde-9de7-406894a7b3a3,25,0.8333333333333334,right_ankle,0.0,0.0,0.0,0.0,0.0,0.0
707af7b9-288d-4fde-9de7-406894a7b3a3,25,0.8333333333333334,left_heel,0.0,0.0,0.0,0.0,0.0,0.0
707af7b9-288d-4fde-9de7-406894a7b3a3,25,0.8333333333333334,right_heel,0.0,0.0,0.0,0.0,0.0,0.0
707af7b9-288d-4fde-9de7-406894a7b3a3,25,0.8333333333333334,left_foot_index,0.0,0.0,0.0,0.0,0.0,0.0
707af7b9-288d-4fde-9de7-406894a7b3a3,25,0.8333333333333334,right_foot_index,0.0,0.0,0.0,0.0,0.0,0.0
707af7b9-288d-4fde-9de7-406894a7b3a3,26,0.8666666666666667,nose,0.0,0.0,0.0,0.0,0.0,0.0
707af7b9-288d-4fde-9de7-406894a7b3a3,26,0.8666666666666667,left_shoulder,0.0,0.0,0.0,0.0,0.0,0.0
707af7b9-288d-4fde-9de7-406894a7b3a3,26,0.8666666666666667,right_shoulder,0.0,0.0,0.0,0.0,0.0,0.0
707af7b9-288d-4fde-9de7-406894a7b3a3,26,0.8666666666666667,left_elbow,0.0,0.0,0.0,0.0,0.0,0.0
707af7b9-288d-4fde-9de7-406894a7b3a3,26,0.8666666666666667,right_elbow,0.0,0.0,0.0,0.0,0.0,0.0
707af7b9-288d-4fde-9de7-406894a7b3a3,26,0.8666666666666667,left_wrist,0.0,0.0,0.0,0.0,0.0,0.0
707af7b9-288d-4fde-9de7-406894a7b3a3,26,0.8666666666666667,right_wrist,0.0,0.0,0.0,0.0,0.0,0.0
707af7b9-288d-4fde-9de7-406894a7b3a3,26,0.8666666666666667,left_hip,0.0,0.0,0.0,0.0,0.0,0.0
707af7b9-288d-4fde-9de7-406894a7b3a3,26,0.8666666666666667,right_hip,0.0,0.0,0.0,0.0,0.0,0.0
707af7b9-288d-4fde-9de7-406894a7b3a3,26,0.8666666666666667,left_knee,0.0,0.0,0.0,0.0,0.0,0.0
707af7b9-288d-4fde-9de7-406894a7b3a3,26,0.8666666666666667,right_knee,0.0,0.0,0.0,0.0,0.0,0.0
707af7b9-288d-4fde-9de7-406894a7b3a3,26,0.8666666666666667,left_ankle,0.0,0.0,0.0,0.0,0.0,0.0
707af7b9-288d-4fde-9de7-406894a7b3a3,26,0.8666666666666667,right_ankle,0.0,0.0,0.0,0.0,0.0,0.0
707af7b9-288d-4fde-9de7-406894a7b3a3,26,0.8666666666666667,left_heel,0.0,0.0,0.0,0.0,0.0,0.0
707af7b9-288d-4fde-9de7-406894a7b3a3,26,0.8666666666666667,right_heel,0.0,0.0,0.0,0.0,0.0,0.0
707af7b9-288d-4fde-9de7-406894a7b3a3,26,0.8666666666666667,left_foot_index,0.0,0.0,0.0,0.0,0.0,0.0
707af7b9-288d-4fde-9de7-406894a7b3a3,26,0.8666666666666667,right_foot_index,0.0,0.0,0.0,0.0,0.0,0.0
707af7b9-288d-4fde-9de7-406894a7b3a3,27,0.9,nose,0.0,0.0,0.0,0.0,0.0,0.0
707af7b9-288d-4fde-9de7-406894a7b3a3,27,0.9,left_shoulder,0.0,0.0,0.0,0.0,0.0,0.0
707af7b9-288d-4fde-9de7-406894a7b3a3,27,0.9,right_shoulder,0.0,0.0,0.0,0.0,0.0,0.0
707af7b9-288d-4fde-9de7-406894a7b3a3,27,0.9,left_elbow,0.0,0.0,0.0,0.0,0.0,0.0
707af7b9-288d-4fde-9de7-406894a7b3a3,27,0.9,right_elbow,0.0,0.0,0.0,0.0,0.0,0.0
707af7b9-288d-4fde-9de7-406894a7b3a3,27,0.9,left_wrist,0.0,0.0,0.0,0.0,0.0,0.0
707af7b9-288d-4fde-9de7-406894a7b3a3,27,0.9,right_wrist,0.0,0.0,0.0,0.0,0.0,0.0
707af7b9-288d-4fde-9de7-406894a7b3a3,27,0.9,left_hip,0.0,0.0,0.0,0.0,0.0,0.0
707af7b9-288d-4fde-9de7-406894a7b3a3,27,0.9,right_hip,0.0,0.0,0.0,0.0,0.0,0.0
707af7b9-288d-4fde-9de7-406894a7b3a3,27,0.9,left_knee,0.0,0.0,0.0,0.0,0.0,0.0
707af7b9-288d-4fde-9de7-406894a7b3a3,27,0.9,right_knee,0.0,0.0,0.0,0.0,0.0,0.0
707af7b9-288d-4fde-9de7-406894a7b3a3,27,0.9,left_ankle,0.0,0.0,0.0,0.0,0.0,0.0
707af7b9-288d-4fde-9de7-406894a7b3a3,27,0.9,right_ankle,0.0,0.0,0.0,0.0,0.0,0.0
707af7b9-288d-4fde-9de7-406894a7b3a3,27,0.9,left_heel,0.0,0.0,0.0,0.0,0.0,0.0
707af7b9-288d-4fde-9de7-406894a7b3a3,27,0.9,right_heel,0.0,0.0,0.0,0.0,0.0,0.0
707af7b9-288d-4fde-9de7-406894a7b3a3,27,0.9,left_foot_index,0.0,0.0,0.0,0.0,0.0,0.0
707af7b9-288d-4fde-9de7-406894a7b3a3,27,0.9,right_foot_index,0.0,0.0,0.0,0.0,0.0,0.0
707af7b9-288d-4fde-9de7-406894a7b3a3,28,0.9333333333333333,nose,0.0,0.0,0.0,0.0,0.0,0.0
707af7b9-288d-4fde-9de7-406894a7b3a3,28,0.9333333333333333,left_shoulder,0.0,0.0,0.0,0.0,0.0,0.0
707af7b9-288d-4fde-9de7-406894a7b3a3,28,0.9333333333333333,right_shoulder,0.0,0.0,0.0,0.0,0.0,0.0
707af7b9-288d-4fde-9de7-406894a7b3a3,28,0.9333333333333333,left_elbow,0.0,0.0,0.0,0.0,0.0,0.0
707af7b9-288d-4fde-9de7-406894a7b3a3,28,0.9333333333333333,right_elbow,0.0,0.0,0.0,0.0,0.0,0.0
707af7b9-288d-4fde-9de7-406894a7b3a3,28,0.9333333333333333,left_wrist,0.0,0.0,0.0,0.0,0.0,0.0
707af7b9-288d-4fde-9de7-406894a7b3a3,28,0.9333333333333333,right_wrist,0.0,0.0,0.0,0.0,0.0,0.0
707af7b9-288d-4fde-9de7-406894a7b3a3,28,0.9333333333333333,left_hip,0.0,0.0,0.0,0.0,0.0,0.0
707af7b9-288d-4fde-9de7-406894a7b3a3,28,0.9333333333333333,right_hip,0.0,0.0,0.0,0.0,0.0,0.0
707af7b9-288d-4fde-9de7-406894a7b3a3,28,0.9333333333333333,left_knee,0.0,0.0,0.0,0.0,0.0,0.0
707af7b9-288d-4fde-9de7-406894a7b3a3,28,0.9333333333333333,right_knee,0.0,0.0,0.0,0.0,0.0,0.0
707af7b9-288d-4fde-9de7-406894a7b3a3,28,0.9333333333333333,left_ankle,0.0,0.0,0.0,0.0,0.0,0.0
707af7b9-288d-4fde-9de7-406894a7b3a3,28,0.9333333333333333,right_ankle,0.0,0.0,0.0,0.0,0.0,0.0
707af7b9-288d-4fde-9de7-406894a7b3a3,28,0.9333333333333333,left_heel,0.0,0.0,0.0,0.0,0.0,0.0
707af7b9-288d-4fde-9de7-406894a7b3a3,28,0.9333333333333333,right_heel,0.0,0.0,0.0,0.0,0.0,0.0
707af7b9-288d-4fde-9de7-406894a7b3a3,28,0.9333333333333333,left_foot_index,0.0,0.0,0.0,0.0,0.0,0.0
707af7b9-288d-4fde-9de7-406894a7b3a3,28,0.9333333333333333,right_foot_index,0.0,0.0,0.0,0.0,0.0,0.0
707af7b9-288d-4fde-9de7-406894a7b3a3,29,0.9666666666666667,nose,0.0,0.0,0.0,0.0,0.0,0.0
707af7b9-288d-4fde-9de7-406894a7b3a3,29,0.9666666666666667,left_shoulder,0.0,0.0,0.0,0.0,0.0,0.0
707af7b9-288d-4fde-9de7-406894a7b3a3,29,0.9666666666666667,right_shoulder,0.0,0.0,0.0,0.0,0.0,0.0
707af7b9-288d-4fde-9de7-406894a7b3a3,29,0.9666666666666667,left_elbow,0.0,0.0,0.0,0.0,0.0,0.0
707af7b9-288d-4fde-9de7-406894a7b3a3,29,0.9666666666666667,right_elbow,0.0,0.0,0.0,0.0,0.0,0.0
707af7b9-288d-4fde-9de7-406894a7b3a3,29,0.9666666666666667,left_wrist,0.0,0.0,0.0,0.0,0.0,0.0
707af7b9-288d-4fde-9de7-406894a7b3a3,29,0.9666666666666667,right_wrist,0.0,0.0,0.0,0.0,0.0,0.0
707af7b9-288d-4fde-9de7-406894a7b3a3,29,0.9666666666666667,left_hip,0.0,0.0,0.0,0.0,0.0,0.0
707af7b9-288d-4fde-9de7-406894a7b3a3,29,0.9666666666666667,right_hip,0.0,0.0,0.0,0.0,0.0,0.0
707af7b9-288d-4fde-9de7-406894a7b3a3,29,0.9666666666666667,left_knee,0.0,0.0,0.0,0.0,0.0,0.0
707af7b9-288d-4fde-9de7-406894a7b3a3,29,0.9666666666666667,right_knee,0.0,0.0,0.0,0.0,0.0,0.0
707af7b9-288d-4fde-9de7-406894a7b3a3,29,0.9666666666666667,left_ankle,0.0,0.0,0.0,0.0,0.0,0.0
707af7b9-288d-4fde-9de7-406894a7b3a3,29,0.9666666666666667,right_ankle,0.0,0.0,0.0,0.0,0.0,0.0
707af7b9-288d-4fde-9de7-406894a7b3a3,29,0.9666666666666667,left_heel,0.0,0.0,0.0,0.0,0.0,0.0
707af7b9-288d-4fde-9de7-406894a7b3a3,29,0.9666666666666667,right_heel,0.0,0.0,0.0,0.0,0.0,0.0
707af7b9-288d-4fde-9de7-406894a7b3a3,29,0.9666666666666667,left_foot_index,0.0,0.0,0.0,0.0,0.0,0.0
707af7b9-288d-4fde-9de7-406894a7b3a3,29,0.9666666666666667,right_foot_index,0.0,0.0,0.0,0.0,0.0,0.0
707af7b9-288d-4fde-9de7-406894a7b3a3,30,1.0,nose,0.0,0.0,0.0,0.0,0.0,0.0
707af7b9-288d-4fde-9de7-406894a7b3a3,30,1.0,left_shoulder,0.0,0.0,0.0,0.0,0.0,0.0
707af7b9-288d-4fde-9de7-406894a7b3a3,30,1.0,right_shoulder,0.0,0.0,0.0,0.0,0.0,0.0
707af7b9-288d-4fde-9de7-406894a7b3a3,30,1.0,left_elbow,0.0,0.0,0.0,0.0,0.0,0.0
707af7b9-288d-4fde-9de7-406894a7b3a3,30,1.0,right_elbow,0.0,0.0,0.0,0.0,0.0,0.0
707af7b9-288d-4fde-9de7-406894a7b3a3,30,1.0,left_wrist,0.0,0.0,0.0,0.0,0.0,0.0
707af7b9-288d-4fde-9de7-406894a7b3a3,30,1.0,right_wrist,0.0,0.0,0.0,0.0,0.0,0.0
707af7b9-288d-4fde-9de7-406894a7b3a3,30,1.0,left_hip,0.0,0.0,0.0,0.0,0.0,0.0
707af7b9-288d-4fde-9de7-406894a7b3a3,30,1.0,right_hip,0.0,0.0,0.0,0.0,0.0,0.0
707af7b9-288d-4fde-9de7-406894a7b3a3,30,1.0,left_knee,0.0,0.0,0.0,0.0,0.0,0.0
707af7b9-288d-4fde-9de7-406894a7b3a3,30,1.0,right_knee,0.0,0.0,0.0,0.0,0.0,0.0
707af7b9-288d-4fde-9de7-406894a7b3a3,30,1.0,left_ankle,0.0,0.0,0.0,0.0,0.0,0.0
707af7b9-288d-4fde-9de7-406894a7b3a3,30,1.0,right_ankle,0.0,0.0,0.0,0.0,0.0,0.0
707af7b9-288d-4fde-9de7-406894a7b3a3,30,1.0,left_heel,0.0,0.0,0.0,0.0,0.0,0.0
707af7b9-288d-4fde-9de7-406894a7b3a3,30,1.0,right_heel,0.0,0.0,0.0,0.0,0.0,0.0
707af7b9-288d-4fde-9de7-406894a7b3a3,30,1.0,left_foot_index,0.0,0.0,0.0,0.0,0.0,0.0
707af7b9-288d-4fde-9de7-406894a7b3a3,30,1.0,right_foot_index,0.0,0.0,0.0,0.0,0.0,0.0
707af7b9-288d-4fde-9de7-406894a7b3a3,31,1.0333333333333334,nose,0.0,0.0,0.0,0.0,0.0,0.0
707af7b9-288d-4fde-9de7-406894a7b3a3,31,1.0333333333333334,left_shoulder,0.0,0.0,0.0,0.0,0.0,0.0
707af7b9-288d-4fde-9de7-406894a7b3a3,31,1.0333333333333334,right_shoulder,0.0,0.0,0.0,0.0,0.0,0.0
707af7b9-288d-4fde-9de7-406894a7b3a3,31,1.0333333333333334,left_elbow,0.0,0.0,0.0,0.0,0.0,0.0
707af7b9-288d-4fde-9de7-406894a7b3a3,31,1.0333333333333334,right_elbow,0.0,0.0,0.0,0.0,0.0,0.0
707af7b9-288d-4fde-9de7-406894a7b3a3,31,1.0333333333333334,left_wrist,0.0,0.0,0.0,0.0,0.0,0.0
707af7b9-288d-4fde-9de7-406894a7b3a3,31,1.0333333333333334,right_wrist,0.0,0.0,0.0,0.0,0.0,0.0
707af7b9-288d-4fde-9de7-406894a7b3a3,31,1.0333333333333334,left_hip,0.0,0.0,0.0,0.0,0.0,0.0
707af7b9-288d-4fde-9de7-406894a7b3a3,31,1.0333333333333334,right_hip,0.0,0.0,0.0,0.0,0.0,0.0
707af7b9-288d-4fde-9de7-406894a7b3a3,31,1.0333333333333334,left_knee,0.0,0.0,0.0,0.0,0.0,0.0
707af7b9-288d-4fde-9de7-406894a7b3a3,31,1.0333333333333334,right_knee,0.0,0.0,0.0,0.0,0.0,0.0
707af7b9-288d-4fde-9de7-406894a7b3a3,31,1.0333333333333334,left_ankle,0.0,0.0,0.0,0.0,0.0,0.0
707af7b9-288d-4fde-9de7-406894a7b3a3,31,1.0333333333333334,right_ankle,0.0,0.0,0.0,0.0,0.0,0.0
707af7b9-288d-4fde-9de7-406894a7b3a3,31,1.0333333333333334,left_heel,0.0,0.0,0.0,0.0,0.0,0.0
707af7b9-288d-4fde-9de7-406894a7b3a3,31,1.0333333333333334,right_heel,0.0,0.0,0.0,0.0,0.0,0.0
707af7b9-288d-4fde-9de7-406894a7b3a3,31,1.0333333333333334,left_foot_index,0.0,0.0,0.0,0.0,0.0,0.0
707af7b9-288d-4fde-9de7-406894a7b3a3,31,1.0333333333333334,right_foot_index,0.0,0.0,0.0,0.0,0.0,0.0
707af7b9-288d-4fde-9de7-406894a7b3a3,32,1.0666666666666667,nose,0.0,0.0,0.0,0.0,0.0,0.0
707af7b9-288d-4fde-9de7-406894a7b3a3,32,1.0666666666666667,left_shoulder,0.0,0.0,0.0,0.0,0.0,0.0
707af7b9-288d-4fde-9de7-406894a7b3a3,32,1.0666666666666667,right_shoulder,0.0,0.0,0.0,0.0,0.0,0.0
707af7b9-288d-4fde-9de7-406894a7b3a3,32,1.0666666666666667,left_elbow,0.0,0.0,0.0,0.0,0.0,0.0
707af7b9-288d-4fde-9de7-406894a7b3a3,32,1.0666666666666667,right_elbow,0.0,0.0,0.0,0.0,0.0,0.0
707af7b9-288d-4fde-9de7-406894a7b3a3,32,1.0666666666666667,left_wrist,0.0,0.0,0.0,0.0,0.0,0.0
707af7b9-288d-4fde-9de7-406894a7b3a3,32,1.0666666666666667,right_wrist,0.0,0.0,0.0,0.0,0.0,0.0
707af7b9-288d-4fde-9de7-406894a7b3a3,32,1.0666666666666667,left_hip,0.0,0.0,0.0,0.0,0.0,0.0
707af7b9-288d-4fde-9de7-406894a7b3a3,32,1.0666666666666667,right_hip,0.0,0.0,0.0,0.0,0.0,0.0
707af7b9-288d-4fde-9de7-406894a7b3a3,32,1.0666666666666667,left_knee,0.0,0.0,0.0,0.0,0.0,0.0
707af7b9-288d-4fde-9de7-406894a7b3a3,32,1.0666666666666667,right_knee,0.0,0.0,0.0,0.0,0.0,0.0
707af7b9-288d-4fde-9de7-406894a7b3a3,32,1.0666666666666667,left_ankle,0.0,0.0,0.0,0.0,0.0,0.0
707af7b9-288d-4fde-9de7-406894a7b3a3,32,1.0666666666666667,right_ankle,0.0,0.0,0.0,0.0,0.0,0.0
707af7b9-288d-4fde-9de7-406894a7b3a3,32,1.0666666666666667,left_heel,0.0,0.0,0.0,0.0,0.0,0.0
707af7b9-288d-4fde-9de7-406894a7b3a3,32,1.0666666666666667,right_heel,0.0,0.0,0.0,0.0,0.0,0.0
707af7b9-288d-4fde-9de7-406894a7b3a3,32,1.0666666666666667,left_foot_index,0.0,0.0,0.0,0.0,0.0,0.0
707af7b9-288d-4fde-9de7-406894a7b3a3,32,1.0666666666666667,right_foot_index,0.0,0.0,0.0,0.0,0.0,0.0
707af7b9-288d-4fde-9de7-406894a7b3a3,33,1.1,nose,0.0,0.0,0.0,0.0,0.0,0.0
707af7b9-288d-4fde-9de7-406894a7b3a3,33,1.1,left_shoulder,0.0,0.0,0.0,0.0,0.0,0.0
707af7b9-288d-4fde-9de7-406894a7b3a3,33,1.1,right_shoulder,0.0,0.0,0.0,0.0,0.0,0.0
707af7b9-288d-4fde-9de7-406894a7b3a3,33,1.1,left_elbow,0.0,0.0,0.0,0.0,0.0,0.0
707af7b9-288d-4fde-9de7-406894a7b3a3,33,1.1,right_elbow,0.0,0.0,0.0,0.0,0.0,0.0
707af7b9-288d-4fde-9de7-406894a7b3a3,33,1.1,left_wrist,0.0,0.0,0.0,0.0,0.0,0.0
707af7b9-288d-4fde-9de7-406894a7b3a3,33,1.1,right_wrist,0.0,0.0,0.0,0.0,0.0,0.0
707af7b9-288d-4fde-9de7-406894a7b3a3,33,1.1,left_hip,0.0,0.0,0.0,0.0,0.0,0.0
707af7b9-288d-4fde-9de7-406894a7b3a3,33,1.1,right_hip,0.0,0.0,0.0,0.0,0.0,0.0
707af7b9-288d-4fde-9de7-406894a7b3a3,33,1.1,left_knee,0.0,0.0,0.0,0.0,0.0,0.0
707af7b9-288d-4fde-9de7-406894a7b3a3,33,1.1,right_knee,0.0,0.0,0.0,0.0,0.0,0.0
707af7b9-288d-4fde-9de7-406894a7b3a3,33,1.1,left_ankle,0.0,0.0,0.0,0.0,0.0,0.0
707af7b9-288d-4fde-9de7-406894a7b3a3,33,1.1,right_ankle,0.0,0.0,0.0,0.0,0.0,0.0
707af7b9-288d-4fde-9de7-406894a7b3a3,33,1.1,left_heel,0.0,0.0,0.0,0.0,0.0,0.0
707af7b9-288d-4fde-9de7-406894a7b3a3,33,1.1,right_heel,0.0,0.0,0.0,0.0,0.0,0.0
707af7b9-288d-4fde-9de7-406894a7b3a3,33,1.1,left_foot_index,0.0,0.0,0.0,0.0,0.0,0.0
707af7b9-288d-4fde-9de7-406894a7b3a3,33,1.1,right_foot_index,0.0,0.0,0.0,0.0,0.0,0.0
707af7b9-288d-4fde-9de7-406894a7b3a3,34,1.1333333333333333,nose,0.0,0.0,0.0,0.0,0.0,0.0
707af7b9-288d-4fde-9de7-406894a7b3a3,34,1.1333333333333333,left_shoulder,0.0,0.0,0.0,0.0,0.0,0.0
707af7b9-288d-4fde-9de7-406894a7b3a3,34,1.1333333333333333,right_shoulder,0.0,0.0,0.0,0.0,0.0,0.0
707af7b9-288d-4fde-9de7-406894a7b3a3,34,1.1333333333333333,left_elbow,0.0,0.0,0.0,0.0,0.0,0.0
707af7b9-288d-4fde-9de7-406894a7b3a3,34,1.1333333333333333,right_elbow,0.0,0.0,0.0,0.0,0.0,0.0
707af7b9-288d-4fde-9de7-406894a7b3a3,34,1.1333333333333333,left_wrist,0.0,0.0,0.0,0.0,0.0,0.0
707af7b9-288d-4fde-9de7-406894a7b3a3,34,1.1333333333333333,right_wrist,0.0,0.0,0.0,0.0,0.0,0.0
707af7b9-288d-4fde-9de7-406894a7b3a3,34,1.1333333333333333,left_hip,0.0,0.0,0.0,0.0,0.0,0.0
707af7b9-288d-4fde-9de7-406894a7b3a3,34,1.1333333333333333,right_hip,0.0,0.0,0.0,0.0,0.0,0.0
707af7b9-288d-4fde-9de7-406894a7b3a3,34,1.1333333333333333,left_knee,0.0,0.0,0.0,0.0,0.0,0.0
707af7b9-288d-4fde-9de7-406894a7b3a3,34,1.1333333333333333,right_knee,0.0,0.0,0.0,0.0,0.0,0.0
707af7b9-288d-4fde-9de7-406894a7b3a3,34,1.1333333333333333,left_ankle,0.0,0.0,0.0,0.0,0.0,0.0
707af7b9-288d-4fde-9de7-406894a7b3a3,34,1.1333333333333333,right_ankle,0.0,0.0,0.0,0.0,0.0,0.0
707af7b9-288d-4fde-9de7-406894a7b3a3,34,1.1333333333333333,left_heel,0.0,0.0,0.0,0.0,0.0,0.0
707af7b9-288d-4fde-9de7-406894a7b3a3,34,1.1333333333333333,right_heel,0.0,0.0,0.0,0.0,0.0,0.0
707af7b9-288d-4fde-9de7-406894a7b3a3,34,1.1333333333333333,left_foot_index,0.0,0.0,0.0,0.0,0.0,0.0
707af7b9-288d-4fde-9de7-406894a7b3a3,34,1.1333333333333333,right_foot_index,0.0,0.0,0.0,0.0,0.0,0.0
707af7b9-288d-4fde-9de7-406894a7b3a3,35,1.1666666666666667,nose,0.0,0.0,0.0,0.0,0.0,0.0
707af7b9-288d-4fde-9de7-406894a7b3a3,35,1.1666666666666667,left_shoulder,0.0,0.0,0.0,0.0,0.0,0.0
707af7b9-288d-4fde-9de7-406894a7b3a3,35,1.1666666666666667,right_shoulder,0.0,0.0,0.0,0.0,0.0,0.0
707af7b9-288d-4fde-9de7-406894a7b3a3,35,1.1666666666666667,left_elbow,0.0,0.0,0.0,0.0,0.0,0.0
707af7b9-288d-4fde-9de7-406894a7b3a3,35,1.1666666666666667,right_elbow,0.0,0.0,0.0,0.0,0.0,0.0
707af7b9-288d-4fde-9de7-406894a7b3a3,35,1.1666666666666667,left_wrist,0.0,0.0,0.0,0.0,0.0,0.0
707af7b9-288d-4fde-9de7-406894a7b3a3,35,1.1666666666666667,right_wrist,0.0,0.0,0.0,0.0,0.0,0.0
707af7b9-288d-4fde-9de7-406894a7b3a3,35,1.1666666666666667,left_hip,0.0,0.0,0.0,0.0,0.0,0.0
707af7b9-288d-4fde-9de7-406894a7b3a3,35,1.1666666666666667,right_hip,0.0,0.0,0.0,0.0,0.0,0.0
707af7b9-288d-4fde-9de7-406894a7b3a3,35,1.1666666666666667,left_knee,0.0,0.0,0.0,0.0,0.0,0.0
707af7b9-288d-4fde-9de7-406894a7b3a3,35,1.1666666666666667,right_knee,0.0,0.0,0.0,0.0,0.0,0.0
707af7b9-288d-4fde-9de7-406894a7b3a3,35,1.1666666666666667,left_ankle,0.0,0.0,0.0,0.0,0.0,0.0
707af7b9-288d-4fde-9de7-406894a7b3a3,35,1.1666666666666667,right_ankle,0.0,0.0,0.0,0.0,0.0,0.0
707af7b9-288d-4fde-9de7-406894a7b3a3,35,1.1666666666666667,left_heel,0.0,0.0,0.0,0.0,0.0,0.0
707af7b9-288d-4fde-9de7-406894a7b3a3,35,1.1666666666666667,right_heel,0.0,0.0,0.0,0.0,0.0,0.0
707af7b9-288d-4fde-9de7-406894a7b3a3,35,1.1666666666666667,left_foot_index,0.0,0.0,0.0,0.0,0.0,0.0
707af7b9-288d-4fde-9de7-406894a7b3a3,35,1.1666666666666667,right_foot_index,0.0,0.0,0.0,0.0,0.0,0.0
707af7b9-288d-4fde-9de7-406894a7b3a3,36,1.2,nose,0.0,0.0,0.0,0.0,0.0,0.0
707af7b9-288d-4fde-9de7-406894a7b3a3,36,1.2,left_shoulder,0.0,0.0,0.0,0.0,0.0,0.0
707af7b9-288d-4fde-9de7-406894a7b3a3,36,1.2,right_shoulder,0.0,0.0,0.0,0.0,0.0,0.0
707af7b9-288d-4fde-9de7-406894a7b3a3,36,1.2,left_elbow,0.0,0.0,0.0,0.0,0.0,0.0
707af7b9-288d-4fde-9de7-406894a7b3a3,36,1.2,right_elbow,0.0,0.0,0.0,0.0,0.0,0.0
707af7b9-288d-4fde-9de7-406894a7b3a3,36,1.2,left_wrist,0.0,0.0,0.0,0.0,0.0,0.0
707af7b9-288d-4fde-9de7-406894a7b3a3,36,1.2,right_wrist,0.0,0.0,0.0,0.0,0.0,0.0
707af7b9-288d-4fde-9de7-406894a7b3a3,36,1.2,left_hip,0.0,0.0,0.0,0.0,0.0,0.0
707af7b9-288d-4fde-9de7-406894a7b3a3,36,1.2,right_hip,0.0,0.0,0.0,0.0,0.0,0.0
707af7b9-288d-4fde-9de7-406894a7b3a3,36,1.2,left_knee,0.0,0.0,0.0,0.0,0.0,0.0
707af7b9-288d-4fde-9de7-406894a7b3a3,36,1.2,right_knee,0.0,0.0,0.0,0.0,0.0,0.0
707af7b9-288d-4fde-9de7-406894a7b3a3,36,1.2,left_ankle,0.0,0.0,0.0,0.0,0.0,0.0
707af7b9-288d-4fde-9de7-406894a7b3a3,36,1.2,right_ankle,0.0,0.0,0.0,0.0,0.0,0.0
707af7b9-288d-4fde-9de7-406894a7b3a3,36,1.2,left_heel,0.0,0.0,0.0,0.0,0.0,0.0
707af7b9-288d-4fde-9de7-406894a7b3a3,36,1.2,right_heel,0.0,0.0,0.0,0.0,0.0,0.0
707af7b9-288d-4fde-9de7-406894a7b3a3,36,1.2,left_foot_index,0.0,0.0,0.0,0.0,0.0,0.0
707af7b9-288d-4fde-9de7-406894a7b3a3,36,1.2,right_foot_index,0.0,0.0,0.0,0.0,0.0,0.0
707af7b9-288d-4fde-9de7-406894a7b3a3,37,1.2333333333333334,nose,0.0,0.0,0.0,0.0,0.0,0.0
707af7b9-288d-4fde-9de7-406894a7b3a3,37,1.2333333333333334,left_shoulder,0.0,0.0,0.0,0.0,0.0,0.0
707af7b9-288d-4fde-9de7-406894a7b3a3,37,1.2333333333333334,right_shoulder,0.0,0.0,0.0,0.0,0.0,0.0
707af7b9-288d-4fde-9de7-406894a7b3a3,37,1.2333333333333334,left_elbow,0.0,0.0,0.0,0.0,0.0,0.0
707af7b9-288d-4fde-9de7-406894a7b3a3,37,1.2333333333333334,right_elbow,0.0,0.0,0.0,0.0,0.0,0.0
707af7b9-288d-4fde-9de7-406894a7b3a3,37,1.2333333333333334,left_wrist,0.0,0.0,0.0,0.0,0.0,0.0
707af7b9-288d-4fde-9de7-406894a7b3a3,37,1.2333333333333334,right_wrist,0.0,0.0,0.0,0.0,0.0,0.0
707af7b9-288d-4fde-9de7-406894a7b3a3,37,1.2333333333333334,left_hip,0.0,0.0,0.0,0.0,0.0,0.0
707af7b9-288d-4fde-9de7-406894a7b3a3,37,1.2333333333333334,right_hip,0.0,0.0,0.0,0.0,0.0,0.0
707af7b9-288d-4fde-9de7-406894a7b3a3,37,1.2333333333333334,left_knee,0.0,0.0,0.0,0.0,0.0,0.0
707af7b9-288d-4fde-9de7-406894a7b3a3,37,1.2333333333333334,right_knee,0.0,0.0,0.0,0.0,0.0,0.0
707af7b9-288d-4fde-9de7-406894a7b3a3,37,1.2333333333333334,left_ankle,0.0,0.0,0.0,0.0,0.0,0.0
707af7b9-288d-4fde-9de7-406894a7b3a3,37,1.2333333333333334,right_ankle,0.0,0.0,0.0,0.0,0.0,0.0
707af7b9-288d-4fde-9de7-406894a7b3a3,37,1.2333333333333334,left_heel,0.0,0.0,0.0,0.0,0.0,0.0
707af7b9-288d-4fde-9de7-406894a7b3a3,37,1.2333333333333334,right_heel,0.0,0.0,0.0,0.0,0.0,0.0
707af7b9-288d-4fde-9de7-406894a7b3a3,37,1.2333333333333334,left_foot_index,0.0,0.0,0.0,0.0,0.0,0.0
707af7b9-288d-4fde-9de7-406894a7b3a3,37,1.2333333333333334,right_foot_index,0.0,0.0,0.0,0.0,0.0,0.0
707af7b9-288d-4fde-9de7-406894a7b3a3,38,1.2666666666666666,nose,0.0,0.0,0.0,0.0,0.0,0.0
707af7b9-288d-4fde-9de7-406894a7b3a3,38,1.2666666666666666,left_shoulder,0.0,0.0,0.0,0.0,0.0,0.0
707af7b9-288d-4fde-9de7-406894a7b3a3,38,1.2666666666666666,right_shoulder,0.0,0.0,0.0,0.0,0.0,0.0
707af7b9-288d-4fde-9de7-406894a7b3a3,38,1.2666666666666666,left_elbow,0.0,0.0,0.0,0.0,0.0,0.0
707af7b9-288d-4fde-9de7-406894a7b3a3,38,1.2666666666666666,right_elbow,0.0,0.0,0.0,0.0,0.0,0.0
707af7b9-288d-4fde-9de7-406894a7b3a3,38,1.2666666666666666,left_wrist,0.0,0.0,0.0,0.0,0.0,0.0
707af7b9-288d-4fde-9de7-406894a7b3a3,38,1.2666666666666666,right_wrist,0.0,0.0,0.0,0.0,0.0,0.0
707af7b9-288d-4fde-9de7-406894a7b3a3,38,1.2666666666666666,left_hip,0.0,0.0,0.0,0.0,0.0,0.0
707af7b9-288d-4fde-9de7-406894a7b3a3,38,1.2666666666666666,right_hip,0.0,0.0,0.0,0.0,0.0,0.0
707af7b9-288d-4fde-9de7-406894a7b3a3,38,1.2666666666666666,left_knee,0.0,0.0,0.0,0.0,0.0,0.0
707af7b9-288d-4fde-9de7-406894a7b3a3,38,1.2666666666666666,right_knee,0.0,0.0,0.0,0.0,0.0,0.0
707af7b9-288d-4fde-9de7-406894a7b3a3,38,1.2666666666666666,left_ankle,0.0,0.0,0.0,0.0,0.0,0.0
707af7b9-288d-4fde-9de7-406894a7b3a3,38,1.2666666666666666,right_ankle,0.0,0.0,0.0,0.0,0.0,0.0
707af7b9-288d-4fde-9de7-406894a7b3a3,38,1.2666666666666666,left_heel,0.0,0.0,0.0,0.0,0.0,0.0
707af7b9-288d-4fde-9de7-406894a7b3a3,38,1.2666666666666666,right_heel,0.0,0.0,0.0,0.0,0.0,0.0
707af7b9-288d-4fde-9de7-406894a7b3a3,38,1.2666666666666666,left_foot_index,0.0,0.0,0.0,0.0,0.0,0.0
707af7b9-288d-4fde-9de7-406894a7b3a3,38,1.2666666666666666,right_foot_index,0.0,0.0,0.0,0.0,0.0,0.0
707af7b9-288d-4fde-9de7-406894a7b3a3,39,1.3,nose,0.0,0.0,0.0,0.0,0.0,0.0
707af7b9-288d-4fde-9de7-406894a7b3a3,39,1.3,left_shoulder,0.0,0.0,0.0,0.0,0.0,0.0
707af7b9-288d-4fde-9de7-406894a7b3a3,39,1.3,right_shoulder,0.0,0.0,0.0,0.0,0.0,0.0
707af7b9-288d-4fde-9de7-406894a7b3a3,39,1.3,left_elbow,0.0,0.0,0.0,0.0,0.0,0.0
707af7b9-288d-4fde-9de7-406894a7b3a3,39,1.3,right_elbow,0.0,0.0,0.0,0.0,0.0,0.0
707af7b9-288d-4fde-9de7-406894a7b3a3,39,1.3,left_wrist,0.0,0.0,0.0,0.0,0.0,0.0
707af7b9-288d-4fde-9de7-406894a7b3a3,39,1.3,right_wrist,0.0,0.0,0.0,0.0,0.0,0.0
707af7b9-288d-4fde-9de7-406894a7b3a3,39,1.3,left_hip,0.0,0.0,0.0,0.0,0.0,0.0
707af7b9-288d-4fde-9de7-406894a7b3a3,39,1.3,right_hip,0.0,0.0,0.0,0.0,0.0,0.0
707af7b9-288d-4fde-9de7-406894a7b3a3,39,1.3,left_knee,0.0,0.0,0.0,0.0,0.0,0.0
707af7b9-288d-4fde-9de7-406894a7b3a3,39,1.3,right_knee,0.0,0.0,0.0,0.0,0.0,0.0
707af7b9-288d-4fde-9de7-406894a7b3a3,39,1.3,left_ankle,0.0,0.0,0.0,0.0,0.0,0.0
707af7b9-288d-4fde-9de7-406894a7b3a3,39,1.3,right_ankle,0.0,0.0,0.0,0.0,0.0,0.0
707af7b9-288d-4fde-9de7-406894a7b3a3,39,1.3,left_heel,0.0,0.0,0.0,0.0,0.0,0.0
707af7b9-288d-4fde-9de7-406894a7b3a3,39,1.3,right_heel,0.0,0.0,0.0,0.0,0.0,0.0
707af7b9-288d-4fde-9de7-406894a7b3a3,39,1.3,left_foot_index,0.0,0.0,0.0,0.0,0.0,0.0
707af7b9-288d-4fde-9de7-406894a7b3a3,39,1.3,right_foot_index,0.0,0.0,0.0,0.0,0.0,0.0
707af7b9-288d-4fde-9de7-406894a7b3a3,40,1.3333333333333333,nose,0.0,0.0,0.0,0.0,0.0,0.0
707af7b9-288d-4fde-9de7-406894a7b3a3,40,1.3333333333333333,left_shoulder,0.0,0.0,0.0,0.0,0.0,0.0
707af7b9-288d-4fde-9de7-406894a7b3a3,40,1.3333333333333333,right_shoulder,0.0,0.0,0.0,0.0,0.0,0.0
707af7b9-288d-4fde-9de7-406894a7b3a3,40,1.3333333333333333,left_elbow,0.0,0.0,0.0,0.0,0.0,0.0
707af7b9-288d-4fde-9de7-406894a7b3a3,40,1.3333333333333333,right_elbow,0.0,0.0,0.0,0.0,0.0,0.0
707af7b9-288d-4fde-9de7-406894a7b3a3,40,1.3333333333333333,left_wrist,0.0,0.0,0.0,0.0,0.0,0.0
707af7b9-288d-4fde-9de7-406894a7b3a3,40,1.3333333333333333,right_wrist,0.0,0.0,0.0,0.0,0.0,0.0
707af7b9-288d-4fde-9de7-406894a7b3a3,40,1.3333333333333333,left_hip,0.0,0.0,0.0,0.0,0.0,0.0
707af7b9-288d-4fde-9de7-406894a7b3a3,40,1.3333333333333333,right_hip,0.0,0.0,0.0,0.0,0.0,0.0
707af7b9-288d-4fde-9de7-406894a7b3a3,40,1.3333333333333333,left_knee,0.0,0.0,0.0,0.0,0.0,0.0
707af7b9-288d-4fde-9de7-406894a7b3a3,40,1.3333333333333333,right_knee,0.0,0.0,0.0,0.0,0.0,0.0
707af7b9-288d-4fde-9de7-406894a7b3a3,40,1.3333333333333333,left_ankle,0.0,0.0,0.0,0.0,0.0,0.0
707af7b9-288d-4fde-9de7-406894a7b3a3,40,1.3333333333333333,right_ankle,0.0,0.0,0.0,0.0,0.0,0.0
707af7b9-288d-4fde-9de7-406894a7b3a3,40,1.3333333333333333,left_heel,0.0,0.0,0.0,0.0,0.0,0.0
707af7b9-288d-4fde-9de7-406894a7b3a3,40,1.3333333333333333,right_heel,0.0,0.0,0.0,0.0,0.0,0.0
707af7b9-288d-4fde-9de7-406894a7b3a3,40,1.3333333333333333,left_foot_index,0.0,0.0,0.0,0.0,0.0,0.0
707af7b9-288d-4fde-9de7-406894a7b3a3,40,1.3333333333333333,right_foot_index,0.0,0.0,0.0,0.0,0.0,0.0
707af7b9-288d-4fde-9de7-406894a7b3a3,41,1.3666666666666667,nose,0.0,0.0,0.0,0.0,0.0,0.0
707af7b9-288d-4fde-9de7-406894a7b3a3,41,1.3666666666666667,left_shoulder,0.0,0.0,0.0,0.0,0.0,0.0
707af7b9-288d-4fde-9de7-406894a7b3a3,41,1.3666666666666667,right_shoulder,0.0,0.0,0.0,0.0,0.0,0.0
707af7b9-288d-4fde-9de7-406894a7b3a3,41,1.3666666666666667,left_elbow,0.0,0.0,0.0,0.0,0.0,0.0
707af7b9-288d-4fde-9de7-406894a7b3a3,41,1.3666666666666667,right_elbow,0.0,0.0,0.0,0.0,0.0,0.0
707af7b9-288d-4fde-9de7-406894a7b3a3,41,1.3666666666666667,left_wrist,0.0,0.0,0.0,0.0,0.0,0.0
707af7b9-288d-4fde-9de7-406894a7b3a3,41,1.3666666666666667,right_wrist,0.0,0.0,0.0,0.0,0.0,0.0
707af7b9-288d-4fde-9de7-406894a7b3a3,41,1.3666666666666667,left_hip,0.0,0.0,0.0,0.0,0.0,0.0
707af7b9-288d-4fde-9de7-406894a7b3a3,41,1.3666666666666667,right_hip,0.0,0.0,0.0,0.0,0.0,0.0
707af7b9-288d-4fde-9de7-406894a7b3a3,41,1.3666666666666667,left_knee,0.0,0.0,0.0,0.0,0.0,0.0
707af7b9-288d-4fde-9de7-406894a7b3a3,41,1.3666666666666667,right_knee,0.0,0.0,0.0,0.0,0.0,0.0
707af7b9-288d-4fde-9de7-406894a7b3a3,41,1.3666666666666667,left_ankle,0.0,0.0,0.0,0.0,0.0,0.0
707af7b9-288d-4fde-9de7-406894a7b3a3,41,1.3666666666666667,right_ankle,0.0,0.0,0.0,0.0,0.0,0.0
707af7b9-288d-4fde-9de7-406894a7b3a3,41,1.3666666666666667,left_heel,0.0,0.0,0.0,0.0,0.0,0.0
707af7b9-288d-4fde-9de7-406894a7b3a3,41,1.3666666666666667,right_heel,0.0,0.0,0.0,0.0,0.0,0.0
707af7b9-288d-4fde-9de7-406894a7b3a3,41,1.3666666666666667,left_foot_index,0.0,0.0,0.0,0.0,0.0,0.0
707af7b9-288d-4fde-9de7-406894a7b3a3,41,1.3666666666666667,right_foot_index,0.0,0.0,0.0,0.0,0.0,0.0
707af7b9-288d-4fde-9de7-406894a7b3a3,42,1.4,nose,0.0,0.0,0.0,0.0,0.0,0.0
707af7b9-288d-4fde-9de7-406894a7b3a3,42,1.4,left_shoulder,0.0,0.0,0.0,0.0,0.0,0.0
707af7b9-288d-4fde-9de7-406894a7b3a3,42,1.4,right_shoulder,0.0,0.0,0.0,0.0,0.0,0.0
707af7b9-288d-4fde-9de7-406894a7b3a3,42,1.4,left_elbow,0.0,0.0,0.0,0.0,0.0,0.0
707af7b9-288d-4fde-9de7-406894a7b3a3,42,1.4,right_elbow,0.0,0.0,0.0,0.0,0.0,0.0
707af7b9-288d-4fde-9de7-406894a7b3a3,42,1.4,left_wrist,0.0,0.0,0.0,0.0,0.0,0.0
707af7b9-288d-4fde-9de7-406894a7b3a3,42,1.4,right_wrist,0.0,0.0,0.0,0.0,0.0,0.0
707af7b9-288d-4fde-9de7-406894a7b3a3,42,1.4,left_hip,0.0,0.0,0.0,0.0,0.0,0.0
707af7b9-288d-4fde-9de7-406894a7b3a3,42,1.4,right_hip,0.0,0.0,0.0,0.0,0.0,0.0
707af7b9-288d-4fde-9de7-406894a7b3a3,42,1.4,left_knee,0.0,0.0,0.0,0.0,0.0,0.0
707af7b9-288d-4fde-9de7-406894a7b3a3,42,1.4,right_knee,0.0,0.0,0.0,0.0,0.0,0.0
707af7b9-288d-4fde-9de7-406894a7b3a3,42,1.4,left_ankle,0.0,0.0,0.0,0.0,0.0,0.0
707af7b9-288d-4fde-9de7-406894a7b3a3,42,1.4,right_ankle,0.0,0.0,0.0,0.0,0.0,0.0
707af7b9-288d-4fde-9de7-406894a7b3a3,42,1.4,left_heel,0.0,0.0,0.0,0.0,0.0,0.0
707af7b9-288d-4fde-9de7-406894a7b3a3,42,1.4,right_heel,0.0,0.0,0.0,0.0,0.0,0.0
707af7b9-288d-4fde-9de7-406894a7b3a3,42,1.4,left_foot_index,0.0,0.0,0.0,0.0,0.0,0.0
707af7b9-288d-4fde-9de7-406894a7b3a3,42,1.4,right_foot_index,0.0,0.0,0.0,0.0,0.0,0.0
707af7b9-288d-4fde-9de7-406894a7b3a3,43,1.4333333333333333,nose,0.0,0.0,0.0,0.0,0.0,0.0
707af7b9-288d-4fde-9de7-406894a7b3a3,43,1.4333333333333333,left_shoulder,0.0,0.0,0.0,0.0,0.0,0.0
707af7b9-288d-4fde-9de7-406894a7b3a3,43,1.4333333333333333,right_shoulder,0.0,0.0,0.0,0.0,0.0,0.0
707af7b9-288d-4fde-9de7-406894a7b3a3,43,1.4333333333333333,left_elbow,0.0,0.0,0.0,0.0,0.0,0.0
707af7b9-288d-4fde-9de7-406894a7b3a3,43,1.4333333333333333,right_elbow,0.0,0.0,0.0,0.0,0.0,0.0
707af7b9-288d-4fde-9de7-406894a7b3a3,43,1.4333333333333333,left_wrist,0.0,0.0,0.0,0.0,0.0,0.0
707af7b9-288d-4fde-9de7-406894a7b3a3,43,1.4333333333333333,right_wrist,0.0,0.0,0.0,0.0,0.0,0.0
707af7b9-288d-4fde-9de7-406894a7b3a3,43,1.4333333333333333,left_hip,0.0,0.0,0.0,0.0,0.0,0.0
707af7b9-288d-4fde-9de7-406894a7b3a3,43,1.4333333333333333,right_hip,0.0,0.0,0.0,0.0,0.0,0.0
707af7b9-288d-4fde-9de7-406894a7b3a3,43,1.4333333333333333,left_knee,0.0,0.0,0.0,0.0,0.0,0.0
707af7b9-288d-4fde-9de7-406894a7b3a3,43,1.4333333333333333,right_knee,0.0,0.0,0.0,0.0,0.0,0.0
707af7b9-288d-4fde-9de7-406894a7b3a3,43,1.4333333333333333,left_ankle,0.0,0.0,0.0,0.0,0.0,0.0
707af7b9-288d-4fde-9de7-406894a7b3a3,43,1.4333333333333333,right_ankle,0.0,0.0,0.0,0.0,0.0,0.0
707af7b9-288d-4fde-9de7-406894a7b3a3,43,1.4333333333333333,left_heel,0.0,0.0,0.0,0.0,0.0,0.0
707af7b9-288d-4fde-9de7-406894a7b3a3,43,1.4333333333333333,right_heel,0.0,0.0,0.0,0.0,0.0,0.0
707af7b9-288d-4fde-9de7-406894a7b3a3,43,1.4333333333333333,left_foot_index,0.0,0.0,0.0,0.0,0.0,0.0
707af7b9-288d-4fde-9de7-406894a7b3a3,43,1.4333333333333333,right_foot_index,0.0,0.0,0.0,0.0,0.0,0.0
707af7b9-288d-4fde-9de7-406894a7b3a3,44,1.4666666666666666,nose,0.0,0.0,0.0,0.0,0.0,0.0
707af7b9-288d-4fde-9de7-406894a7b3a3,44,1.4666666666666666,left_shoulder,0.0,0.0,0.0,0.0,0.0,0.0
707af7b9-288d-4fde-9de7-406894a7b3a3,44,1.4666666666666666,right_shoulder,0.0,0.0,0.0,0.0,0.0,0.0
707af7b9-288d-4fde-9de7-406894a7b3a3,44,1.4666666666666666,left_elbow,0.0,0.0,0.0,0.0,0.0,0.0
707af7b9-288d-4fde-9de7-406894a7b3a3,44,1.4666666666666666,right_elbow,0.0,0.0,0.0,0.0,0.0,0.0
707af7b9-288d-4fde-9de7-406894a7b3a3,44,1.4666666666666666,left_wrist,0.0,0.0,0.0,0.0,0.0,0.0
707af7b9-288d-4fde-9de7-406894a7b3a3,44,1.4666666666666666,right_wrist,0.0,0.0,0.0,0.0,0.0,0.0
707af7b9-288d-4fde-9de7-406894a7b3a3,44,1.4666666666666666,left_hip,0.0,0.0,0.0,0.0,0.0,0.0
707af7b9-288d-4fde-9de7-406894a7b3a3,44,1.4666666666666666,right_hip,0.0,0.0,0.0,0.0,0.0,0.0
707af7b9-288d-4fde-9de7-406894a7b3a3,44,1.4666666666666666,left_knee,0.0,0.0,0.0,0.0,0.0,0.0
707af7b9-288d-4fde-9de7-406894a7b3a3,44,1.4666666666666666,right_knee,0.0,0.0,0.0,0.0,0.0,0.0
707af7b9-288d-4fde-9de7-406894a7b3a3,44,1.4666666666666666,left_ankle,0.0,0.0,0.0,0.0,0.0,0.0
707af7b9-288d-4fde-9de7-406894a7b3a3,44,1.4666666666666666,right_ankle,0.0,0.0,0.0,0.0,0.0,0.0
707af7b9-288d-4fde-9de7-406894a7b3a3,44,1.4666666666666666,left_heel,0.0,0.0,0.0,0.0,0.0,0.0
707af7b9-288d-4fde-9de7-406894a7b3a3,44,1.4666666666666666,right_heel,0.0,0.0,0.0,0.0,0.0,0.0
707af7b9-288d-4fde-9de7-406894a7b3a3,44,1.4666666666666666,left_foot_index,0.0,0.0,0.0,0.0,0.0,0.0
707af7b9-288d-4fde-9de7-406894a7b3a3,44,1.4666666666666666,right_foot_index,0.0,0.0,0.0,0.0,0.0,0.0
707af7b9-288d-4fde-9de7-406894a7b3a3,45,1.5,nose,0.0,0.0,0.0,0.0,0.0,0.0
707af7b9-288d-4fde-9de7-406894a7b3a3,45,1.5,left_shoulder,0.0,0.0,0.0,0.0,0.0,0.0
707af7b9-288d-4fde-9de7-406894a7b3a3,45,1.5,right_shoulder,0.0,0.0,0.0,0.0,0.0,0.0
707af7b9-288d-4fde-9de7-406894a7b3a3,45,1.5,left_elbow,0.0,0.0,0.0,0.0,0.0,0.0
707af7b9-288d-4fde-9de7-406894a7b3a3,45,1.5,right_elbow,0.0,0.0,0.0,0.0,0.0,0.0
707af7b9-288d-4fde-9de7-406894a7b3a3,45,1.5,left_wrist,0.0,0.0,0.0,0.0,0.0,0.0
707af7b9-288d-4fde-9de7-406894a7b3a3,45,1.5,right_wrist,0.0,0.0,0.0,0.0,0.0,0.0
707af7b9-288d-4fde-9de7-406894a7b3a3,45,1.5,left_hip,0.0,0.0,0.0,0.0,0.0,0.0
707af7b9-288d-4fde-9de7-406894a7b3a3,45,1.5,right_hip,0.0,0.0,0.0,0.0,0.0,0.0
707af7b9-288d-4fde-9de7-406894a7b3a3,45,1.5,left_knee,0.0,0.0,0.0,0.0,0.0,0.0
707af7b9-288d-4fde-9de7-406894a7b3a3,45,1.5,right_knee,0.0,0.0,0.0,0.0,0.0,0.0
707af7b9-288d-4fde-9de7-406894a7b3a3,45,1.5,left_ankle,0.0,0.0,0.0,0.0,0.0,0.0
707af7b9-288d-4fde-9de7-406894a7b3a3,45,1.5,right_ankle,0.0,0.0,0.0,0.0,0.0,0.0
707af7b9-288d-4fde-9de7-406894a7b3a3,45,1.5,left_heel,0.0,0.0,0.0,0.0,0.0,0.0
707af7b9-288d-4fde-9de7-406894a7b3a3,45,1.5,right_heel,0.0,0.0,0.0,0.0,0.0,0.0
707af7b9-288d-4fde-9de7-406894a7b3a3,45,1.5,left_foot_index,0.0,0.0,0.0,0.0,0.0,0.0
707af7b9-288d-4fde-9de7-406894a7b3a3,45,1.5,right_foot_index,0.0,0.0,0.0,0.0,0.0,0.0
707af7b9-288d-4fde-9de7-406894a7b3a3,46,1.5333333333333334,nose,0.0,0.0,0.0,0.0,0.0,0.0
707af7b9-288d-4fde-9de7-406894a7b3a3,46,1.5333333333333334,left_shoulder,0.0,0.0,0.0,0.0,0.0,0.0
707af7b9-288d-4fde-9de7-406894a7b3a3,46,1.5333333333333334,right_shoulder,0.0,0.0,0.0,0.0,0.0,0.0
707af7b9-288d-4fde-9de7-406894a7b3a3,46,1.5333333333333334,left_elbow,0.0,0.0,0.0,0.0,0.0,0.0
707af7b9-288d-4fde-9de7-406894a7b3a3,46,1.5333333333333334,right_elbow,0.0,0.0,0.0,0.0,0.0,0.0
707af7b9-288d-4fde-9de7-406894a7b3a3,46,1.5333333333333334,left_wrist,0.0,0.0,0.0,0.0,0.0,0.0
707af7b9-288d-4fde-9de7-406894a7b3a3,46,1.5333333333333334,right_wrist,0.0,0.0,0.0,0.0,0.0,0.0
707af7b9-288d-4fde-9de7-406894a7b3a3,46,1.5333333333333334,left_hip,0.0,0.0,0.0,0.0,0.0,0.0
707af7b9-288d-4fde-9de7-406894a7b3a3,46,1.5333333333333334,right_hip,0.0,0.0,0.0,0.0,0.0,0.0
707af7b9-288d-4fde-9de7-406894a7b3a3,46,1.5333333333333334,left_knee,0.0,0.0,0.0,0.0,0.0,0.0
707af7b9-288d-4fde-9de7-406894a7b3a3,46,1.5333333333333334,right_knee,0.0,0.0,0.0,0.0,0.0,0.0
707af7b9-288d-4fde-9de7-406894a7b3a3,46,1.5333333333333334,left_ankle,0.0,0.0,0.0,0.0,0.0,0.0
707af7b9-288d-4fde-9de7-406894a7b3a3,46,1.5333333333333334,right_ankle,0.0,0.0,0.0,0.0,0.0,0.0
707af7b9-288d-4fde-9de7-406894a7b3a3,46,1.5333333333333334,left_heel,0.0,0.0,0.0,0.0,0.0,0.0
707af7b9-288d-4fde-9de7-406894a7b3a3,46,1.5333333333333334,right_heel,0.0,0.0,0.0,0.0,0.0,0.0
707af7b9-288d-4fde-9de7-406894a7b3a3,46,1.5333333333333334,left_foot_index,0.0,0.0,0.0,0.0,0.0,0.0
707af7b9-288d-4fde-9de7-406894a7b3a3,46,1.5333333333333334,right_foot_index,0.0,0.0,0.0,0.0,0.0,0.0
707af7b9-288d-4fde-9de7-406894a7b3a3,47,1.5666666666666667,nose,0.0,0.0,0.0,0.0,0.0,0.0
707af7b9-288d-4fde-9de7-406894a7b3a3,47,1.5666666666666667,left_shoulder,0.0,0.0,0.0,0.0,0.0,0.0
707af7b9-288d-4fde-9de7-406894a7b3a3,47,1.5666666666666667,right_shoulder,0.0,0.0,0.0,0.0,0.0,0.0
707af7b9-288d-4fde-9de7-406894a7b3a3,47,1.5666666666666667,left_elbow,0.0,0.0,0.0,0.0,0.0,0.0
707af7b9-288d-4fde-9de7-406894a7b3a3,47,1.5666666666666667,right_elbow,0.0,0.0,0.0,0.0,0.0,0.0
707af7b9-288d-4fde-9de7-406894a7b3a3,47,1.5666666666666667,left_wrist,0.0,0.0,0.0,0.0,0.0,0.0
707af7b9-288d-4fde-9de7-406894a7b3a3,47,1.5666666666666667,right_wrist,0.0,0.0,0.0,0.0,0.0,0.0
707af7b9-288d-4fde-9de7-406894a7b3a3,47,1.5666666666666667,left_hip,0.0,0.0,0.0,0.0,0.0,0.0
707af7b9-288d-4fde-9de7-406894a7b3a3,47,1.5666666666666667,right_hip,0.0,0.0,0.0,0.0,0.0,0.0
707af7b9-288d-4fde-9de7-406894a7b3a3,47,1.5666666666666667,left_knee,0.0,0.0,0.0,0.0,0.0,0.0
707af7b9-288d-4fde-9de7-406894a7b3a3,47,1.5666666666666667,right_knee,0.0,0.0,0.0,0.0,0.0,0.0
707af7b9-288d-4fde-9de7-406894a7b3a3,47,1.5666666666666667,left_ankle,0.0,0.0,0.0,0.0,0.0,0.0
707af7b9-288d-4fde-9de7-406894a7b3a3,47,1.5666666666666667,right_ankle,0.0,0.0,0.0,0.0,0.0,0.0
707af7b9-288d-4fde-9de7-406894a7b3a3,47,1.5666666666666667,left_heel,0.0,0.0,0.0,0.0,0.0,0.0
707af7b9-288d-4fde-9de7-406894a7b3a3,47,1.5666666666666667,right_heel,0.0,0.0,0.0,0.0,0.0,0.0
707af7b9-288d-4fde-9de7-406894a7b3a3,47,1.5666666666666667,left_foot_index,0.0,0.0,0.0,0.0,0.0,0.0
707af7b9-288d-4fde-9de7-406894a7b3a3,47,1.5666666666666667,right_foot_index,0.0,0.0,0.0,0.0,0.0,0.0
707af7b9-288d-4fde-9de7-406894a7b3a3,48,1.6,nose,0.0,0.0,0.0,0.0,0.0,0.0
707af7b9-288d-4fde-9de7-406894a7b3a3,48,1.6,left_shoulder,0.0,0.0,0.0,0.0,0.0,0.0
707af7b9-288d-4fde-9de7-406894a7b3a3,48,1.6,right_shoulder,0.0,0.0,0.0,0.0,0.0,0.0
707af7b9-288d-4fde-9de7-406894a7b3a3,48,1.6,left_elbow,0.0,0.0,0.0,0.0,0.0,0.0
707af7b9-288d-4fde-9de7-406894a7b3a3,48,1.6,right_elbow,0.0,0.0,0.0,0.0,0.0,0.0
707af7b9-288d-4fde-9de7-406894a7b3a3,48,1.6,left_wrist,0.0,0.0,0.0,0.0,0.0,0.0
707af7b9-288d-4fde-9de7-406894a7b3a3,48,1.6,right_wrist,0.0,0.0,0.0,0.0,0.0,0.0
707af7b9-288d-4fde-9de7-406894a7b3a3,48,1.6,left_hip,0.0,0.0,0.0,0.0,0.0,0.0
707af7b9-288d-4fde-9de7-406894a7b3a3,48,1.6,right_hip,0.0,0.0,0.0,0.0,0.0,0.0
707af7b9-288d-4fde-9de7-406894a7b3a3,48,1.6,left_knee,0.0,0.0,0.0,0.0,0.0,0.0
707af7b9-288d-4fde-9de7-406894a7b3a3,48,1.6,right_knee,0.0,0.0,0.0,0.0,0.0,0.0
707af7b9-288d-4fde-9de7-406894a7b3a3,48,1.6,left_ankle,0.0,0.0,0.0,0.0,0.0,0.0
707af7b9-288d-4fde-9de7-406894a7b3a3,48,1.6,right_ankle,0.0,0.0,0.0,0.0,0.0,0.0
707af7b9-288d-4fde-9de7-406894a7b3a3,48,1.6,left_heel,0.0,0.0,0.0,0.0,0.0,0.0
707af7b9-288d-4fde-9de7-406894a7b3a3,48,1.6,right_heel,0.0,0.0,0.0,0.0,0.0,0.0
707af7b9-288d-4fde-9de7-406894a7b3a3,48,1.6,left_foot_index,0.0,0.0,0.0,0.0,0.0,0.0
707af7b9-288d-4fde-9de7-406894a7b3a3,48,1.6,right_foot_index,0.0,0.0,0.0,0.0,0.0,0.0
707af7b9-288d-4fde-9de7-406894a7b3a3,49,1.6333333333333333,nose,0.0,0.0,0.0,0.0,0.0,0.0
707af7b9-288d-4fde-9de7-406894a7b3a3,49,1.6333333333333333,left_shoulder,0.0,0.0,0.0,0.0,0.0,0.0
707af7b9-288d-4fde-9de7-406894a7b3a3,49,1.6333333333333333,right_shoulder,0.0,0.0,0.0,0.0,0.0,0.0
707af7b9-288d-4fde-9de7-406894a7b3a3,49,1.6333333333333333,left_elbow,0.0,0.0,0.0,0.0,0.0,0.0
707af7b9-288d-4fde-9de7-406894a7b3a3,49,1.6333333333333333,right_elbow,0.0,0.0,0.0,0.0,0.0,0.0
707af7b9-288d-4fde-9de7-406894a7b3a3,49,1.6333333333333333,left_wrist,0.0,0.0,0.0,0.0,0.0,0.0
707af7b9-288d-4fde-9de7-406894a7b3a3,49,1.6333333333333333,right_wrist,0.0,0.0,0.0,0.0,0.0,0.0
707af7b9-288d-4fde-9de7-406894a7b3a3,49,1.6333333333333333,left_hip,0.0,0.0,0.0,0.0,0.0,0.0
707af7b9-288d-4fde-9de7-406894a7b3a3,49,1.6333333333333333,right_hip,0.0,0.0,0.0,0.0,0.0,0.0
707af7b9-288d-4fde-9de7-406894a7b3a3,49,1.6333333333333333,left_knee,0.0,0.0,0.0,0.0,0.0,0.0
707af7b9-288d-4fde-9de7-406894a7b3a3,49,1.6333333333333333,right_knee,0.0,0.0,0.0,0.0,0.0,0.0
707af7b9-288d-4fde-9de7-406894a7b3a3,49,1.6333333333333333,left_ankle,0.0,0.0,0.0,0.0,0.0,0.0
707af7b9-288d-4fde-9de7-406894a7b3a3,49,1.6333333333333333,right_ankle,0.0,0.0,0.0,0.0,0.0,0.0
707af7b9-288d-4fde-9de7-406894a7b3a3,49,1.6333333333333333,left_heel,0.0,0.0,0.0,0.0,0.0,0.0
707af7b9-288d-4fde-9de7-406894a7b3a3,49,1.6333333333333333,right_heel,0.0,0.0,0.0,0.0,0.0,0.0
707af7b9-288d-4fde-9de7-406894a7b3a3,49,1.6333333333333333,left_foot_index,0.0,0.0,0.0,0.0,0.0,0.0
707af7b9-288d-4fde-9de7-406894a7b3a3,49,1.6333333333333333,right_foot_index,0.0,0.0,0.0,0.0,0.0,0.0
707af7b9-288d-4fde-9de7-406894a7b3a3,50,1.6666666666666667,nose,0.0,0.0,0.0,0.0,0.0,0.0
707af7b9-288d-4fde-9de7-406894a7b3a3,50,1.6666666666666667,left_shoulder,0.0,0.0,0.0,0.0,0.0,0.0
707af7b9-288d-4fde-9de7-406894a7b3a3,50,1.6666666666666667,right_shoulder,0.0,0.0,0.0,0.0,0.0,0.0
707af7b9-288d-4fde-9de7-406894a7b3a3,50,1.6666666666666667,left_elbow,0.0,0.0,0.0,0.0,0.0,0.0
707af7b9-288d-4fde-9de7-406894a7b3a3,50,1.6666666666666667,right_elbow,0.0,0.0,0.0,0.0,0.0,0.0
707af7b9-288d-4fde-9de7-406894a7b3a3,50,1.6666666666666667,left_wrist,0.0,0.0,0.0,0.0,0.0,0.0
707af7b9-288d-4fde-9de7-406894a7b3a3,50,1.6666666666666667,right_wrist,0.0,0.0,0.0,0.0,0.0,0.0
707af7b9-288d-4fde-9de7-406894a7b3a3,50,1.6666666666666667,left_hip,0.0,0.0,0.0,0.0,0.0,0.0
707af7b9-288d-4fde-9de7-406894a7b3a3,50,1.6666666666666667,right_hip,0.0,0.0,0.0,0.0,0.0,0.0
707af7b9-288d-4fde-9de7-406894a7b3a3,50,1.6666666666666667,left_knee,0.0,0.0,0.0,0.0,0.0,0.0
707af7b9-288d-4fde-9de7-406894a7b3a3,50,1.6666666666666667,right_knee,0.0,0.0,0.0,0.0,0.0,0.0
707af7b9-288d-4fde-9de7-406894a7b3a3,50,1.6666666666666667,left_ankle,0.0,0.0,0.0,0.0,0.0,0.0
707af7b9-288d-4fde-9de7-406894a7b3a3,50,1.6666666666666667,right_ankle,0.0,0.0,0.0,0.0,0.0,0.0
707af7b9-288d-4fde-9de7-406894a7b3a3,50,1.6666666666666667,left_heel,0.0,0.0,0.0,0.0,0.0,0.0
707af7b9-288d-4fde-9de7-406894a7b3a3,50,1.6666666666666667,right_heel,0.0,0.0,0.0,0.0,0.0,0.0
707af7b9-288d-4fde-9de7-406894a7b3a3,50,1.6666666666666667,left_foot_index,0.0,0.0,0.0,0.0,0.0,0.0
707af7b9-288d-4fde-9de7-406894a7b3a3,50,1.6666666666666667,right_foot_index,0.0,0.0,0.0,0.0,0.0,0.0
707af7b9-288d-4fde-9de7-406894a7b3a3,51,1.7,nose,0.0,0.0,0.0,0.0,0.0,0.0
707af7b9-288d-4fde-9de7-406894a7b3a3,51,1.7,left_shoulder,0.0,0.0,0.0,0.0,0.0,0.0
707af7b9-288d-4fde-9de7-406894a7b3a3,51,1.7,right_shoulder,0.0,0.0,0.0,0.0,0.0,0.0
707af7b9-288d-4fde-9de7-406894a7b3a3,51,1.7,left_elbow,0.0,0.0,0.0,0.0,0.0,0.0
707af7b9-288d-4fde-9de7-406894a7b3a3,51,1.7,right_elbow,0.0,0.0,0.0,0.0,0.0,0.0
707af7b9-288d-4fde-9de7-406894a7b3a3,51,1.7,left_wrist,0.0,0.0,0.0,0.0,0.0,0.0
707af7b9-288d-4fde-9de7-406894a7b3a3,51,1.7,right_wrist,0.0,0.0,0.0,0.0,0.0,0.0
707af7b9-288d-4fde-9de7-406894a7b3a3,51,1.7,left_hip,0.0,0.0,0.0,0.0,0.0,0.0
707af7b9-288d-4fde-9de7-406894a7b3a3,51,1.7,right_hip,0.0,0.0,0.0,0.0,0.0,0.0
707af7b9-288d-4fde-9de7-406894a7b3a3,51,1.7,left_knee,0.0,0.0,0.0,0.0,0.0,0.0
707af7b9-288d-4fde-9de7-406894a7b3a3,51,1.7,right_knee,0.0,0.0,0.0,0.0,0.0,0.0
707af7b9-288d-4fde-9de7-406894a7b3a3,51,1.7,left_ankle,0.0,0.0,0.0,0.0,0.0,0.0
707af7b9-288d-4fde-9de7-406894a7b3a3,51,1.7,right_ankle,0.0,0.0,0.0,0.0,0.0,0.0
707af7b9-288d-4fde-9de7-406894a7b3a3,51,1.7,left_heel,0.0,0.0,0.0,0.0,0.0,0.0
707af7b9-288d-4fde-9de7-406894a7b3a3,51,1.7,right_heel,0.0,0.0,0.0,0.0,0.0,0.0
707af7b9-288d-4fde-9de7-406894a7b3a3,51,1.7,left_foot_index,0.0,0.0,0.0,0.0,0.0,0.0
707af7b9-288d-4fde-9de7-406894a7b3a3,51,1.7,right_foot_index,0.0,0.0,0.0,0.0,0.0,0.0
707af7b9-288d-4fde-9de7-406894a7b3a3,52,1.7333333333333334,nose,0.0,0.0,0.0,0.0,0.0,0.0
707af7b9-288d-4fde-9de7-406894a7b3a3,52,1.7333333333333334,left_shoulder,0.0,0.0,0.0,0.0,0.0,0.0
707af7b9-288d-4fde-9de7-406894a7b3a3,52,1.7333333333333334,right_shoulder,0.0,0.0,0.0,0.0,0.0,0.0
707af7b9-288d-4fde-9de7-406894a7b3a3,52,1.7333333333333334,left_elbow,0.0,0.0,0.0,0.0,0.0,0.0
707af7b9-288d-4fde-9de7-406894a7b3a3,52,1.7333333333333334,right_elbow,0.0,0.0,0.0,0.0,0.0,0.0
707af7b9-288d-4fde-9de7-406894a7b3a3,52,1.7333333333333334,left_wrist,0.0,0.0,0.0,0.0,0.0,0.0
707af7b9-288d-4fde-9de7-406894a7b3a3,52,1.7333333333333334,right_wrist,0.0,0.0,0.0,0.0,0.0,0.0
707af7b9-288d-4fde-9de7-406894a7b3a3,52,1.7333333333333334,left_hip,0.0,0.0,0.0,0.0,0.0,0.0
707af7b9-288d-4fde-9de7-406894a7b3a3,52,1.7333333333333334,right_hip,0.0,0.0,0.0,0.0,0.0,0.0
707af7b9-288d-4fde-9de7-406894a7b3a3,52,1.7333333333333334,left_knee,0.0,0.0,0.0,0.0,0.0,0.0
707af7b9-288d-4fde-9de7-406894a7b3a3,52,1.7333333333333334,right_knee,0.0,0.0,0.0,0.0,0.0,0.0
707af7b9-288d-4fde-9de7-406894a7b3a3,52,1.7333333333333334,left_ankle,0.0,0.0,0.0,0.0,0.0,0.0
707af7b9-288d-4fde-9de7-406894a7b3a3,52,1.7333333333333334,right_ankle,0.0,0.0,0.0,0.0,0.0,0.0
707af7b9-288d-4fde-9de7-406894a7b3a3,52,1.7333333333333334,left_heel,0.0,0.0,0.0,0.0,0.0,0.0
707af7b9-288d-4fde-9de7-406894a7b3a3,52,1.7333333333333334,right_heel,0.0,0.0,0.0,0.0,0.0,0.0
707af7b9-288d-4fde-9de7-406894a7b3a3,52,1.7333333333333334,left_foot_index,0.0,0.0,0.0,0.0,0.0,0.0
707af7b9-288d-4fde-9de7-406894a7b3a3,52,1.7333333333333334,right_foot_index,0.0,0.0,0.0,0.0,0.0,0.0
707af7b9-288d-4fde-9de7-406894a7b3a3,53,1.7666666666666666,nose,0.0,0.0,0.0,0.0,0.0,0.0
707af7b9-288d-4fde-9de7-406894a7b3a3,53,1.7666666666666666,left_shoulder,0.0,0.0,0.0,0.0,0.0,0.0
707af7b9-288d-4fde-9de7-406894a7b3a3,53,1.7666666666666666,right_shoulder,0.0,0.0,0.0,0.0,0.0,0.0
707af7b9-288d-4fde-9de7-406894a7b3a3,53,1.7666666666666666,left_elbow,0.0,0.0,0.0,0.0,0.0,0.0
707af7b9-288d-4fde-9de7-406894a7b3a3,53,1.7666666666666666,right_elbow,0.0,0.0,0.0,0.0,0.0,0.0
707af7b9-288d-4fde-9de7-406894a7b3a3,53,1.7666666666666666,left_wrist,0.0,0.0,0.0,0.0,0.0,0.0
707af7b9-288d-4fde-9de7-406894a7b3a3,53,1.7666666666666666,right_wrist,0.0,0.0,0.0,0.0,0.0,0.0
707af7b9-288d-4fde-9de7-406894a7b3a3,53,1.7666666666666666,left_hip,0.0,0.0,0.0,0.0,0.0,0.0
707af7b9-288d-4fde-9de7-406894a7b3a3,53,1.7666666666666666,right_hip,0.0,0.0,0.0,0.0,0.0,0.0
707af7b9-288d-4fde-9de7-406894a7b3a3,53,1.7666666666666666,left_knee,0.0,0.0,0.0,0.0,0.0,0.0
707af7b9-288d-4fde-9de7-406894a7b3a3,53,1.7666666666666666,right_knee,0.0,0.0,0.0,0.0,0.0,0.0
707af7b9-288d-4fde-9de7-406894a7b3a3,53,1.7666666666666666,left_ankle,0.0,0.0,0.0,0.0,0.0,0.0
707af7b9-288d-4fde-9de7-406894a7b3a3,53,1.7666666666666666,right_ankle,0.0,0.0,0.0,0.0,0.0,0.0
707af7b9-288d-4fde-9de7-406894a7b3a3,53,1.7666666666666666,left_heel,0.0,0.0,0.0,0.0,0.0,0.0
707af7b9-288d-4fde-9de7-406894a7b3a3,53,1.7666666666666666,right_heel,0.0,0.0,0.0,0.0,0.0,0.0
707af7b9-288d-4fde-9de7-406894a7b3a3,53,1.7666666666666666,left_foot_index,0.0,0.0,0.0,0.0,0.0,0.0
707af7b9-288d-4fde-9de7-406894a7b3a3,53,1.7666666666666666,right_foot_index,0.0,0.0,0.0,0.0,0.0,0.0
707af7b9-288d-4fde-9de7-406894a7b3a3,54,1.8,nose,0.0,0.0,0.0,0.0,0.0,0.0
707af7b9-288d-4fde-9de7-406894a7b3a3,54,1.8,left_shoulder,0.0,0.0,0.0,0.0,0.0,0.0
707af7b9-288d-4fde-9de7-406894a7b3a3,54,1.8,right_shoulder,0.0,0.0,0.0,0.0,0.0,0.0
707af7b9-288d-4fde-9de7-406894a7b3a3,54,1.8,left_elbow,0.0,0.0,0.0,0.0,0.0,0.0
707af7b9-288d-4fde-9de7-406894a7b3a3,54,1.8,right_elbow,0.0,0.0,0.0,0.0,0.0,0.0
707af7b9-288d-4fde-9de7-406894a7b3a3,54,1.8,left_wrist,0.0,0.0,0.0,0.0,0.0,0.0
707af7b9-288d-4fde-9de7-406894a7b3a3,54,1.8,right_wrist,0.0,0.0,0.0,0.0,0.0,0.0
707af7b9-288d-4fde-9de7-406894a7b3a3,54,1.8,left_hip,0.0,0.0,0.0,0.0,0.0,0.0
707af7b9-288d-4fde-9de7-406894a7b3a3,54,1.8,right_hip,0.0,0.0,0.0,0.0,0.0,0.0
707af7b9-288d-4fde-9de7-406894a7b3a3,54,1.8,left_knee,0.0,0.0,0.0,0.0,0.0,0.0
707af7b9-288d-4fde-9de7-406894a7b3a3,54,1.8,right_knee,0.0,0.0,0.0,0.0,0.0,0.0
707af7b9-288d-4fde-9de7-406894a7b3a3,54,1.8,left_ankle,0.0,0.0,0.0,0.0,0.0,0.0
707af7b9-288d-4fde-9de7-406894a7b3a3,54,1.8,right_ankle,0.0,0.0,0.0,0.0,0.0,0.0
707af7b9-288d-4fde-9de7-406894a7b3a3,54,1.8,left_heel,0.0,0.0,0.0,0.0,0.0,0.0
707af7b9-288d-4fde-9de7-406894a7b3a3,54,1.8,right_heel,0.0,0.0,0.0,0.0,0.0,0.0
707af7b9-288d-4fde-9de7-406894a7b3a3,54,1.8,left_foot_index,0.0,0.0,0.0,0.0,0.0,0.0
707af7b9-288d-4fde-9de7-406894a7b3a3,54,1.8,right_foot_index,0.0,0.0,0.0,0.0,0.0,0.0
707af7b9-288d-4fde-9de7-406894a7b3a3,55,1.8333333333333333,nose,0.0,0.0,0.0,0.0,0.0,0.0
707af7b9-288d-4fde-9de7-406894a7b3a3,55,1.8333333333333333,left_shoulder,0.0,0.0,0.0,0.0,0.0,0.0
707af7b9-288d-4fde-9de7-406894a7b3a3,55,1.8333333333333333,right_shoulder,0.0,0.0,0.0,0.0,0.0,0.0
707af7b9-288d-4fde-9de7-406894a7b3a3,55,1.8333333333333333,left_elbow,0.0,0.0,0.0,0.0,0.0,0.0
707af7b9-288d-4fde-9de7-406894a7b3a3,55,1.8333333333333333,right_elbow,0.0,0.0,0.0,0.0,0.0,0.0
707af7b9-288d-4fde-9de7-406894a7b3a3,55,1.8333333333333333,left_wrist,0.0,0.0,0.0,0.0,0.0,0.0
707af7b9-288d-4fde-9de7-406894a7b3a3,55,1.8333333333333333,right_wrist,0.0,0.0,0.0,0.0,0.0,0.0
707af7b9-288d-4fde-9de7-406894a7b3a3,55,1.8333333333333333,left_hip,0.0,0.0,0.0,0.0,0.0,0.0
707af7b9-288d-4fde-9de7-406894a7b3a3,55,1.8333333333333333,right_hip,0.0,0.0,0.0,0.0,0.0,0.0
707af7b9-288d-4fde-9de7-406894a7b3a3,55,1.8333333333333333,left_knee,0.0,0.0,0.0,0.0,0.0,0.0
707af7b9-288d-4fde-9de7-406894a7b3a3,55,1.8333333333333333,right_knee,0.0,0.0,0.0,0.0,0.0,0.0
707af7b9-288d-4fde-9de7-406894a7b3a3,55,1.8333333333333333,left_ankle,0.0,0.0,0.0,0.0,0.0,0.0
707af7b9-288d-4fde-9de7-406894a7b3a3,55,1.8333333333333333,right_ankle,0.0,0.0,0.0,0.0,0.0,0.0
707af7b9-288d-4fde-9de7-406894a7b3a3,55,1.8333333333333333,left_heel,0.0,0.0,0.0,0.0,0.0,0.0
707af7b9-288d-4fde-9de7-406894a7b3a3,55,1.8333333333333333,right_heel,0.0,0.0,0.0,0.0,0.0,0.0
707af7b9-288d-4fde-9de7-406894a7b3a3,55,1.8333333333333333,left_foot_index,0.0,0.0,0.0,0.0,0.0,0.0
707af7b9-288d-4fde-9de7-406894a7b3a3,55,1.8333333333333333,right_foot_index,0.0,0.0,0.0,0.0,0.0,0.0
707af7b9-288d-4fde-9de7-406894a7b3a3,56,1.8666666666666667,nose,0.0,0.0,0.0,0.0,0.0,0.0
707af7b9-288d-4fde-9de7-406894a7b3a3,56,1.8666666666666667,left_shoulder,0.0,0.0,0.0,0.0,0.0,0.0
707af7b9-288d-4fde-9de7-406894a7b3a3,56,1.8666666666666667,right_shoulder,0.0,0.0,0.0,0.0,0.0,0.0
707af7b9-288d-4fde-9de7-406894a7b3a3,56,1.8666666666666667,left_elbow,0.0,0.0,0.0,0.0,0.0,0.0
707af7b9-288d-4fde-9de7-406894a7b3a3,56,1.8666666666666667,right_elbow,0.0,0.0,0.0,0.0,0.0,0.0
707af7b9-288d-4fde-9de7-406894a7b3a3,56,1.8666666666666667,left_wrist,0.0,0.0,0.0,0.0,0.0,0.0
707af7b9-288d-4fde-9de7-406894a7b3a3,56,1.8666666666666667,right_wrist,0.0,0.0,0.0,0.0,0.0,0.0
707af7b9-288d-4fde-9de7-406894a7b3a3,56,1.8666666666666667,left_hip,0.0,0.0,0.0,0.0,0.0,0.0
707af7b9-288d-4fde-9de7-406894a7b3a3,56,1.8666666666666667,right_hip,0.0,0.0,0.0,0.0,0.0,0.0
707af7b9-288d-4fde-9de7-406894a7b3a3,56,1.8666666666666667,left_knee,0.0,0.0,0.0,0.0,0.0,0.0
707af7b9-288d-4fde-9de7-406894a7b3a3,56,1.8666666666666667,right_knee,0.0,0.0,0.0,0.0,0.0,0.0
707af7b9-288d-4fde-9de7-406894a7b3a3,56,1.8666666666666667,left_ankle,0.0,0.0,0.0,0.0,0.0,0.0
707af7b9-288d-4fde-9de7-406894a7b3a3,56,1.8666666666666667,right_ankle,0.0,0.0,0.0,0.0,0.0,0.0
707af7b9-288d-4fde-9de7-406894a7b3a3,56,1.8666666666666667,left_heel,0.0,0.0,0.0,0.0,0.0,0.0
707af7b9-288d-4fde-9de7-406894a7b3a3,56,1.8666666666666667,right_heel,0.0,0.0,0.0,0.0,0.0,0.0
707af7b9-288d-4fde-9de7-406894a7b3a3,56,1.8666666666666667,left_foot_index,0.0,0.0,0.0,0.0,0.0,0.0
707af7b9-288d-4fde-9de7-406894a7b3a3,56,1.8666666666666667,right_foot_index,0.0,0.0,0.0,0.0,0.0,0.0
707af7b9-288d-4fde-9de7-406894a7b3a3,57,1.9,nose,0.0,0.0,0.0,0.0,0.0,0.0
707af7b9-288d-4fde-9de7-406894a7b3a3,57,1.9,left_shoulder,0.0,0.0,0.0,0.0,0.0,0.0
707af7b9-288d-4fde-9de7-406894a7b3a3,57,1.9,right_shoulder,0.0,0.0,0.0,0.0,0.0,0.0
707af7b9-288d-4fde-9de7-406894a7b3a3,57,1.9,left_elbow,0.0,0.0,0.0,0.0,0.0,0.0
707af7b9-288d-4fde-9de7-406894a7b3a3,57,1.9,right_elbow,0.0,0.0,0.0,0.0,0.0,0.0
707af7b9-288d-4fde-9de7-406894a7b3a3,57,1.9,left_wrist,0.0,0.0,0.0,0.0,0.0,0.0
707af7b9-288d-4fde-9de7-406894a7b3a3,57,1.9,right_wrist,0.0,0.0,0.0,0.0,0.0,0.0
707af7b9-288d-4fde-9de7-406894a7b3a3,57,1.9,left_hip,0.0,0.0,0.0,0.0,0.0,0.0
707af7b9-288d-4fde-9de7-406894a7b3a3,57,1.9,right_hip,0.0,0.0,0.0,0.0,0.0,0.0
707af7b9-288d-4fde-9de7-406894a7b3a3,57,1.9,left_knee,0.0,0.0,0.0,0.0,0.0,0.0
707af7b9-288d-4fde-9de7-406894a7b3a3,57,1.9,right_knee,0.0,0.0,0.0,0.0,0.0,0.0
707af7b9-288d-4fde-9de7-406894a7b3a3,57,1.9,left_ankle,0.0,0.0,0.0,0.0,0.0,0.0
707af7b9-288d-4fde-9de7-406894a7b3a3,57,1.9,right_ankle,0.0,0.0,0.0,0.0,0.0,0.0
707af7b9-288d-4fde-9de7-406894a7b3a3,57,1.9,left_heel,0.0,0.0,0.0,0.0,0.0,0.0
707af7b9-288d-4fde-9de7-406894a7b3a3,57,1.9,right_heel,0.0,0.0,0.0,0.0,0.0,0.0
707af7b9-288d-4fde-9de7-406894a7b3a3,57,1.9,left_foot_index,0.0,0.0,0.0,0.0,0.0,0.0
707af7b9-288d-4fde-9de7-406894a7b3a3,57,1.9,right_foot_index,0.0,0.0,0.0,0.0,0.0,0.0
707af7b9-288d-4fde-9de7-406894a7b3a3,58,1.9333333333333333,nose,0.0,0.0,0.0,0.0,0.0,0.0
707af7b9-288d-4fde-9de7-406894a7b3a3,58,1.9333333333333333,left_shoulder,0.0,0.0,0.0,0.0,0.0,0.0
707af7b9-288d-4fde-9de7-406894a7b3a3,58,1.9333333333333333,right_shoulder,0.0,0.0,0.0,0.0,0.0,0.0
707af7b9-288d-4fde-9de7-406894a7b3a3,58,1.9333333333333333,left_elbow,0.0,0.0,0.0,0.0,0.0,0.0
707af7b9-288d-4fde-9de7-406894a7b3a3,58,1.9333333333333333,right_elbow,0.0,0.0,0.0,0.0,0.0,0.0
707af7b9-288d-4fde-9de7-406894a7b3a3,58,1.9333333333333333,left_wrist,0.0,0.0,0.0,0.0,0.0,0.0
707af7b9-288d-4fde-9de7-406894a7b3a3,58,1.9333333333333333,right_wrist,0.0,0.0,0.0,0.0,0.0,0.0
707af7b9-288d-4fde-9de7-406894a7b3a3,58,1.9333333333333333,left_hip,0.0,0.0,0.0,0.0,0.0,0.0
707af7b9-288d-4fde-9de7-406894a7b3a3,58,1.9333333333333333,right_hip,0.0,0.0,0.0,0.0,0.0,0.0
707af7b9-288d-4fde-9de7-406894a7b3a3,58,1.9333333333333333,left_knee,0.0,0.0,0.0,0.0,0.0,0.0
707af7b9-288d-4fde-9de7-406894a7b3a3,58,1.9333333333333333,right_knee,0.0,0.0,0.0,0.0,0.0,0.0
707af7b9-288d-4fde-9de7-406894a7b3a3,58,1.9333333333333333,left_ankle,0.0,0.0,0.0,0.0,0.0,0.0
707af7b9-288d-4fde-9de7-406894a7b3a3,58,1.9333333333333333,right_ankle,0.0,0.0,0.0,0.0,0.0,0.0
707af7b9-288d-4fde-9de7-406894a7b3a3,58,1.9333333333333333,left_heel,0.0,0.0,0.0,0.0,0.0,0.0
707af7b9-288d-4fde-9de7-406894a7b3a3,58,1.9333333333333333,right_heel,0.0,0.0,0.0,0.0,0.0,0.0
707af7b9-288d-4fde-9de7-406894a7b3a3,58,1.9333333333333333,left_foot_index,0.0,0.0,0.0,0.0,0.0,0.0
707af7b9-288d-4fde-9de7-406894a7b3a3,58,1.9333333333333333,right_foot_index,0.0,0.0,0.0,0.0,0.0,0.0
707af7b9-288d-4fde-9de7-406894a7b3a3,59,1.9666666666666666,nose,0.0,0.0,0.0,0.0,0.0,0.0
707af7b9-288d-4fde-9de7-406894a7b3a3,59,1.9666666666666666,left_shoulder,0.0,0.0,0.0,0.0,0.0,0.0
707af7b9-288d-4fde-9de7-406894a7b3a3,59,1.9666666666666666,right_shoulder,0.0,0.0,0.0,0.0,0.0,0.0
707af7b9-288d-4fde-9de7-406894a7b3a3,59,1.9666666666666666,left_elbow,0.0,0.0,0.0,0.0,0.0,0.0
707af7b9-288d-4fde-9de7-406894a7b3a3,59,1.9666666666666666,right_elbow,0.0,0.0,0.0,0.0,0.0,0.0
707af7b9-288d-4fde-9de7-406894a7b3a3,59,1.9666666666666666,left_wrist,0.0,0.0,0.0,0.0,0.0,0.0
707af7b9-288d-4fde-9de7-406894a7b3a3,59,1.9666666666666666,right_wrist,0.0,0.0,0.0,0.0,0.0,0.0
707af7b9-288d-4fde-9de7-406894a7b3a3,59,1.9666666666666666,left_hip,0.0,0.0,0.0,0.0,0.0,0.0
707af7b9-288d-4fde-9de7-406894a7b3a3,59,1.9666666666666666,right_hip,0.0,0.0,0.0,0.0,0.0,0.0
707af7b9-288d-4fde-9de7-406894a7b3a3,59,1.9666666666666666,left_knee,0.0,0.0,0.0,0.0,0.0,0.0
707af7b9-288d-4fde-9de7-406894a7b3a3,59,1.9666666666666666,right_knee,0.0,0.0,0.0,0.0,0.0,0.0
707af7b9-288d-4fde-9de7-406894a7b3a3,59,1.9666666666666666,left_ankle,0.0,0.0,0.0,0.0,0.0,0.0
707af7b9-288d-4fde-9de7-406894a7b3a3,59,1.9666666666666666,right_ankle,0.0,0.0,0.0,0.0,0.0,0.0
707af7b9-288d-4fde-9de7-406894a7b3a3,59,1.9666666666666666,left_heel,0.0,0.0,0.0,0.0,0.0,0.0
707af7b9-288d-4fde-9de7-406894a7b3a3,59,1.9666666666666666,right_heel,0.0,0.0,0.0,0.0,0.0,0.0
707af7b9-288d-4fde-9de7-406894a7b3a3,59,1.9666666666666666,left_foot_index,0.0,0.0,0.0,0.0,0.0,0.0
707af7b9-288d-4fde-9de7-406894a7b3a3,59,1.9666666666666666,right_foot_index,0.0,0.0,0.0,0.0,0.0,0.0
