frame_id,joint,x_norm_smooth,y_norm_smooth,confidence,interpolated
0,left_ankle,0.0,0.0,0.0,False
0,left_elbow,0.0,0.0,0.0,False
0,left_foot_index,0.0,0.0,0.0,False
0,left_heel,0.0,0.0,0.0,False
0,left_hip,0.0,0.0,0.0,False
0,left_knee,0.0,0.0,0.0,False
0,left_shoulder,0.0,0.0,0.0,False
0,left_wrist,0.0,0.0,0.0,False
0,nose,0.0,0.0,0.0,False
0,right_ankle,0.0,0.0,0.0,False
0,right_elbow,0.0,0.0,0.0,False
0,right_foot_index,0.0,0.0,0.0,False
0,right_heel,0.0,0.0,0.0,False
0,right_hip,0.0,0.0,0.0,False
0,right_knee,0.0,0.0,0.0,False
0,right_shoulder,0.0,0.0,0.0,False
0,right_wrist,0.0,0.0,0.0,False
1,left_ankle,0.0,0.0,0.0,False
1,left_elbow,0.0,0.0,0.0,False
1,left_foot_index,0.0,0.0,0.0,False
1,left_heel,0.0,0.0,0.0,False
1,left_hip,0.0,0.0,0.0,False
1,left_knee,0.0,0.0,0.0,False
1,left_shoulder,0.0,0.0,0.0,False
1,left_wrist,0.0,0.0,0.0,False
1,nose,0.0,0.0,0.0,False
1,right_ankle,0.0,0.0,0.0,False
1,right_elbow,0.0,0.0,0.0,False
1,right_foot_index,0.0,0.0,0.0,False
1,right_heel,0.0,0.0,0.0,False
1,right_hip,0.0,0.0,0.0,False
1,right_knee,0.0,0.0,0.0,False
1,right_shoulder,0.0,0.0,0.0,False
1,right_wrist,0.0,0.0,0.0,False
2,left_ankle,0.0,0.0,0.0,False
2,left_elbow,0.0,0.0,0.0,False
2,left_foot_index,0.0,0.0,0.0,False
2,left_heel,0.0,0.0,0.0,False
2,left_hip,0.0,0.0,0.0,False
2,left_knee,0.0,0.0,0.0,False
2,left_shoulder,0.0,0.0,0.0,False
2,left_wrist,0.0,0.0,0.0,False
2,nose,0.0,0.0,0.0,False
2,right_ankle,0.0,0.0,0.0,False
2,right_elbow,0.0,0.0,0.0,False
2,right_foot_index,0.0,0.0,0.0,False
2,right_heel,0.0,0.0,0.0,False
2,right_hip,0.0,0.0,0.0,False
2,right_knee,0.0,0.0,0.0,False
2,right_shoulder,0.0,0.0,0.0,False
2,right_wrist,0.0,0.0,0.0,False
3,left_ankle,0.0,0.0,0.0,False
3,left_elbow,0.0,0.0,0.0,False
3,left_foot_index,0.0,0.0,0.0,False
3,left_heel,0.0,0.0,0.0,False
3,left_hip,0.0,0.0,0.0,False
3,left_knee,0.0,0.0,0.0,False
3,left_shoulder,0.0,0.0,0.0,False
3,left_wrist,0.0,0.0,0.0,False
3,nose,0.0,0.0,0.0,False
3,right_ankle,0.0,0.0,0.0,False
3,right_elbow,0.0,0.0,0.0,False
3,right_foot_index,0.0,0.0,0.0,False
3,right_heel,0.0,0.0,0.0,False
3,right_hip,0.0,0.0,0.0,False
3,right_knee,0.0,0.0,0.0,False
3,right_shoulder,0.0,0.0,0.0,False
3,right_wrist,0.0,0.0,0.0,False
4,left_ankle,0.0,0.0,0.0,False
4,left_elbow,0.0,0.0,0.0,False
4,left_foot_index,0.0,0.0,0.0,False
4,left_heel,0.0,0.0,0.0,False
4,left_hip,0.0,0.0,0.0,False
4,left_knee,0.0,0.0,0.0,False
4,left_shoulder,0.0,0.0,0.0,False
4,left_wrist,0.0,0.0,0.0,False
4,nose,0.0,0.0,0.0,False
4,right_ankle,0.0,0.0,0.0,False
4,right_elbow,0.0,0.0,0.0,False
4,right_foot_index,0.0,0.0,0.0,False
4,right_heel,0.0,0.0,0.0,False
4,right_hip,0.0,0.0,0.0,False
4,right_knee,0.0,0.0,0.0,False
4,right_shoulder,0.0,0.0,0.0,False
4,right_wrist,0.0,0.0,0.0,False
5,left_ankle,0.0,0.0,0.0,False
5,left_elbow,0.0,0.0,0.0,False
5,left_foot_index,0.0,0.0,0.0,False
5,left_heel,0.0,0.0,0.0,False
5,left_hip,0.0,0.0,0.0,False
5,left_knee,0.0,0.0,0.0,False
5,left_shoulder,0.0,0.0,0.0,False
5,left_wrist,0.0,0.0,0.0,False
5,nose,0.0,0.0,0.0,False
5,right_ankle,0.0,0.0,0.0,False
5,right_elbow,0.0,0.0,0.0,False
5,right_foot_index,0.0,0.0,0.0,False
5,right_heel,0.0,0.0,0.0,False
5,right_hip,0.0,0.0,0.0,False
5,right_knee,0.0,0.0,0.0,False
5,right_shoulder,0.0,0.0,0.0,False
5,right_wrist,0.0,0.0,0.0,False
6,left_ankle,0.0,0.0,0.0,False
6,left_elbow,0.0,0.0,0.0,False
6,left_foot_index,0.0,0.0,0.0,False
6,left_heel,0.0,0.0,0.0,False
6,left_hip,0.0,0.0,0.0,False
6,left_knee,0.0,0.0,0.0,False
6,left_shoulder,0.0,0.0,0.0,False
6,left_wrist,0.0,0.0,0.0,False
6,nose,0.0,0.0,0.0,False
6,right_ankle,0.0,0.0,0.0,False
6,right_elbow,0.0,0.0,0.0,False
6,right_foot_index,0.0,0.0,0.0,False
6,right_heel,0.0,0.0,0.0,False
6,right_hip,0.0,0.0,0.0,False
6,right_knee,0.0,0.0,0.0,False
6,right_shoulder,0.0,0.0,0.0,False
6,right_wrist,0.0,0.0,0.0,False
7,left_ankle,0.0,0.0,0.0,False
7,left_elbow,0.0,0.0,0.0,False
7,left_foot_index,0.0,0.0,0.0,False
7,left_heel,0.0,0.0,0.0,False
7,left_hip,0.0,0.0,0.0,False
7,left_knee,0.0,0.0,0.0,False
7,left_shoulder,0.0,0.0,0.0,False
7,left_wrist,0.0,0.0,0.0,False
7,nose,0.0,0.0,0.0,False
7,right_ankle,0.0,0.0,0.0,False
7,right_elbow,0.0,0.0,0.0,False
7,right_foot_index,0.0,0.0,0.0,False
7,right_heel,0.0,0.0,0.0,False
7,right_hip,0.0,0.0,0.0,False
7,right_knee,0.0,0.0,0.0,False
7,right_shoulder,0.0,0.0,0.0,False
7,right_wrist,0.0,0.0,0.0,False
8,left_ankle,0.0,0.0,0.0,False
8,left_elbow,0.0,0.0,0.0,False
8,left_foot_index,0.0,0.0,0.0,False
8,left_heel,0.0,0.0,0.0,False
8,left_hip,0.0,0.0,0.0,False
8,left_knee,0.0,0.0,0.0,False
8,left_shoulder,0.0,0.0,0.0,False
8,left_wrist,0.0,0.0,0.0,False
8,nose,0.0,0.0,0.0,False
8,right_ankle,0.0,0.0,0.0,False
8,right_elbow,0.0,0.0,0.0,False
8,right_foot_index,0.0,0.0,0.0,False
8,right_heel,0.0,0.0,0.0,False
8,right_hip,0.0,0.0,0.0,False
8,right_knee,0.0,0.0,0.0,False
8,right_shoulder,0.0,0.0,0.0,False
8,right_wrist,0.0,0.0,0.0,False
9,left_ankle,0.0,0.0,0.0,False
9,left_elbow,0.0,0.0,0.0,False
9,left_foot_index,0.0,0.0,0.0,False
9,left_heel,0.0,0.0,0.0,False
9,left_hip,0.0,0.0,0.0,False
9,left_knee,0.0,0.0,0.0,False
9,left_shoulder,0.0,0.0,0.0,False
9,left_wrist,0.0,0.0,0.0,False
9,nose,0.0,0.0,0.0,False
9,right_ankle,0.0,0.0,0.0,False
9,right_elbow,0.0,0.0,0.0,False
9,right_foot_index,0.0,0.0,0.0,False
9,right_heel,0.0,0.0,0.0,False
9,right_hip,0.0,0.0,0.0,False
9,right_knee,0.0,0.0,0.0,False
9,right_shoulder,0.0,0.0,0.0,False
9,right_wrist,0.0,0.0,0.0,False
10,left_ankle,0.0,0.0,0.0,False
10,left_elbow,0.0,0.0,0.0,False
10,left_foot_index,0.0,0.0,0.0,False
10,left_heel,0.0,0.0,0.0,False
10,left_hip,0.0,0.0,0.0,False
10,left_knee,0.0,0.0,0.0,False
10,left_shoulder,0.0,0.0,0.0,False
10,left_wrist,0.0,0.0,0.0,False
10,nose,0.0,0.0,0.0,False
10,right_ankle,0.0,0.0,0.0,False
10,right_elbow,0.0,0.0,0.0,False
10,right_foot_index,0.0,0.0,0.0,False
10,right_heel,0.0,0.0,0.0,False
10,right_hip,0.0,0.0,0.0,False
10,right_knee,0.0,0.0,0.0,False
10,right_shoulder,0.0,0.0,0.0,False
10,right_wrist,0.0,0.0,0.0,False
11,left_ankle,0.0,0.0,0.0,False
11,left_elbow,0.0,0.0,0.0,False
11,left_foot_index,0.0,0.0,0.0,False
11,left_heel,0.0,0.0,0.0,False
11,left_hip,0.0,0.0,0.0,False
11,left_knee,0.0,0.0,0.0,False
11,left_shoulder,0.0,0.0,0.0,False
11,left_wrist,0.0,0.0,0.0,False
11,nose,0.0,0.0,0.0,False
11,right_ankle,0.0,0.0,0.0,False
11,right_elbow,0.0,0.0,0.0,False
11,right_foot_index,0.0,0.0,0.0,False
11,right_heel,0.0,0.0,0.0,False
11,right_hip,0.0,0.0,0.0,False
11,right_knee,0.0,0.0,0.0,False
11,right_shoulder,0.0,0.0,0.0,False
11,right_wrist,0.0,0.0,0.0,False
12,left_ankle,0.0,0.0,0.0,False
12,left_elbow,0.0,0.0,0.0,False
12,left_foot_index,0.0,0.0,0.0,False
12,left_heel,0.0,0.0,0.0,False
12,left_hip,0.0,0.0,0.0,False
12,left_knee,0.0,0.0,0.0,False
12,left_shoulder,0.0,0.0,0.0,False
12,left_wrist,0.0,0.0,0.0,False
12,nose,0.0,0.0,0.0,False
12,right_ankle,0.0,0.0,0.0,False
12,right_elbow,0.0,0.0,0.0,False
12,right_foot_index,0.0,0.0,0.0,False
12,right_heel,0.0,0.0,0.0,False
12,right_hip,0.0,0.0,0.0,False
12,right_knee,0.0,0.0,0.0,False
12,right_shoulder,0.0,0.0,0.0,False
12,right_wrist,0.0,0.0,0.0,False
13,left_ankle,0.0,0.0,0.0,False
13,left_elbow,0.0,0.0,0.0,False
13,left_foot_index,0.0,0.0,0.0,False
13,left_heel,0.0,0.0,0.0,False
13,left_hip,0.0,0.0,0.0,False
13,left_knee,0.0,0.0,0.0,False
13,left_shoulder,0.0,0.0,0.0,False
13,left_wrist,0.0,0.0,0.0,False
13,nose,0.0,0.0,0.0,False
13,right_ankle,0.0,0.0,0.0,False
13,right_elbow,0.0,0.0,0.0,False
13,right_foot_index,0.0,0.0,0.0,False
13,right_heel,0.0,0.0,0.0,False
13,right_hip,0.0,0.0,0.0,False
13,right_knee,0.0,0.0,0.0,False
13,right_shoulder,0.0,0.0,0.0,False
13,right_wrist,0.0,0.0,0.0,False
14,left_ankle,0.0,0.0,0.0,False
14,left_elbow,0.0,0.0,0.0,False
14,left_foot_index,0.0,0.0,0.0,False
14,left_heel,0.0,0.0,0.0,False
14,left_hip,0.0,0.0,0.0,False
14,left_knee,0.0,0.0,0.0,False
14,left_shoulder,0.0,0.0,0.0,False
14,left_wrist,0.0,0.0,0.0,False
14,nose,0.0,0.0,0.0,False
14,right_ankle,0.0,0.0,0.0,False
14,right_elbow,0.0,0.0,0.0,False
14,right_foot_index,0.0,0.0,0.0,False
14,right_heel,0.0,0.0,0.0,False
14,right_hip,0.0,0.0,0.0,False
14,right_knee,0.0,0.0,0.0,False
14,right_shoulder,0.0,0.0,0.0,False
14,right_wrist,0.0,0.0,0.0,False
15,left_ankle,0.0,0.0,0.0,False
15,left_elbow,0.0,0.0,0.0,False
15,left_foot_index,0.0,0.0,0.0,False
15,left_heel,0.0,0.0,0.0,False
15,left_hip,0.0,0.0,0.0,False
15,left_knee,0.0,0.0,0.0,False
15,left_shoulder,0.0,0.0,0.0,False
15,left_wrist,0.0,0.0,0.0,False
15,nose,0.0,0.0,0.0,False
15,right_ankle,0.0,0.0,0.0,False
15,right_elbow,0.0,0.0,0.0,False
15,right_foot_index,0.0,0.0,0.0,False
15,right_heel,0.0,0.0,0.0,False
15,right_hip,0.0,0.0,0.0,False
15,right_knee,0.0,0.0,0.0,False
15,right_shoulder,0.0,0.0,0.0,False
15,right_wrist,0.0,0.0,0.0,False
16,left_ankle,0.0,0.0,0.0,False
16,left_elbow,0.0,0.0,0.0,False
16,left_foot_index,0.0,0.0,0.0,False
16,left_heel,0.0,0.0,0.0,False
16,left_hip,0.0,0.0,0.0,False
16,left_knee,0.0,0.0,0.0,False
16,left_shoulder,0.0,0.0,0.0,False
16,left_wrist,0.0,0.0,0.0,False
16,nose,0.0,0.0,0.0,False
16,right_ankle,0.0,0.0,0.0,False
16,right_elbow,0.0,0.0,0.0,False
16,right_foot_index,0.0,0.0,0.0,False
16,right_heel,0.0,0.0,0.0,False
16,right_hip,0.0,0.0,0.0,False
16,right_knee,0.0,0.0,0.0,False
16,right_shoulder,0.0,0.0,0.0,False
16,right_wrist,0.0,0.0,0.0,False
17,left_ankle,0.0,0.0,0.0,False
17,left_elbow,0.0,0.0,0.0,False
17,left_foot_index,0.0,0.0,0.0,False
17,left_heel,0.0,0.0,0.0,False
17,left_hip,0.0,0.0,0.0,False
17,left_knee,0.0,0.0,0.0,False
17,left_shoulder,0.0,0.0,0.0,False
17,left_wrist,0.0,0.0,0.0,False
17,nose,0.0,0.0,0.0,False
17,right_ankle,0.0,0.0,0.0,False
17,right_elbow,0.0,0.0,0.0,False
17,right_foot_index,0.0,0.0,0.0,False
17,right_heel,0.0,0.0,0.0,False
17,right_hip,0.0,0.0,0.0,False
17,right_knee,0.0,0.0,0.0,False
17,right_shoulder,0.0,0.0,0.0,False
17,right_wrist,0.0,0.0,0.0,False
18,left_ankle,0.0,0.0,0.0,False
18,left_elbow,0.0,0.0,0.0,False
18,left_foot_index,0.0,0.0,0.0,False
18,left_heel,0.0,0.0,0.0,False
18,left_hip,0.0,0.0,0.0,False
18,left_knee,0.0,0.0,0.0,False
18,left_shoulder,0.0,0.0,0.0,False
18,left_wrist,0.0,0.0,0.0,False
18,nose,0.0,0.0,0.0,False
18,right_ankle,0.0,0.0,0.0,False
18,right_elbow,0.0,0.0,0.0,False
18,right_foot_index,0.0,0.0,0.0,False
18,right_heel,0.0,0.0,0.0,False
18,right_hip,0.0,0.0,0.0,False
18,right_knee,0.0,0.0,0.0,False
18,right_shoulder,0.0,0.0,0.0,False
18,right_wrist,0.0,0.0,0.0,False
19,left_ankle,0.0,0.0,0.0,False
19,left_elbow,0.0,0.0,0.0,False
19,left_foot_index,0.0,0.0,0.0,False
19,left_heel,0.0,0.0,0.0,False
19,left_hip,0.0,0.0,0.0,False
19,left_knee,0.0,0.0,0.0,False
19,left_shoulder,0.0,0.0,0.0,False
19,left_wrist,0.0,0.0,0.0,False
19,nose,0.0,0.0,0.0,False
19,right_ankle,0.0,0.0,0.0,False
19,right_elbow,0.0,0.0,0.0,False
19,right_foot_index,0.0,0.0,0.0,False
19,right_heel,0.0,0.0,0.0,False
19,right_hip,0.0,0.0,0.0,False
19,right_knee,0.0,0.0,0.0,False
19,right_shoulder,0.0,0.0,0.0,False
19,right_wrist,0.0,0.0,0.0,False
20,left_ankle,0.0,0.0,0.0,False
20,left_elbow,0.0,0.0,0.0,False
20,left_foot_index,0.0,0.0,0.0,False
20,left_heel,0.0,0.0,0.0,False
20,left_hip,0.0,0.0,0.0,False
20,left_knee,0.0,0.0,0.0,False
20,left_shoulder,0.0,0.0,0.0,False
20,left_wrist,0.0,0.0,0.0,False
20,nose,0.0,0.0,0.0,False
20,right_ankle,0.0,0.0,0.0,False
20,right_elbow,0.0,0.0,0.0,False
20,right_foot_index,0.0,0.0,0.0,False
20,right_heel,0.0,0.0,0.0,False
20,right_hip,0.0,0.0,0.0,False
20,right_knee,0.0,0.0,0.0,False
20,right_shoulder,0.0,0.0,0.0,False
20,right_wrist,0.0,0.0,0.0,False
21,left_ankle,0.0,0.0,0.0,False
21,left_elbow,0.0,0.0,0.0,False
21,left_foot_index,0.0,0.0,0.0,False
21,left_heel,0.0,0.0,0.0,False
21,left_hip,0.0,0.0,0.0,False
21,left_knee,0.0,0.0,0.0,False
21,left_shoulder,0.0,0.0,0.0,False
21,left_wrist,0.0,0.0,0.0,False
21,nose,0.0,0.0,0.0,False
21,right_ankle,0.0,0.0,0.0,False
21,right_elbow,0.0,0.0,0.0,False
21,right_foot_index,0.0,0.0,0.0,False
21,right_heel,0.0,0.0,0.0,False
21,right_hip,0.0,0.0,0.0,False
21,right_knee,0.0,0.0,0.0,False
21,right_shoulder,0.0,0.0,0.0,False
21,right_wrist,0.0,0.0,0.0,False
22,left_ankle,0.0,0.0,0.0,False
22,left_elbow,0.0,0.0,0.0,False
22,left_foot_index,0.0,0.0,0.0,False
22,left_heel,0.0,0.0,0.0,False
22,left_hip,0.0,0.0,0.0,False
22,left_knee,0.0,0.0,0.0,False
22,left_shoulder,0.0,0.0,0.0,False
22,left_wrist,0.0,0.0,0.0,False
22,nose,0.0,0.0,0.0,False
22,right_ankle,0.0,0.0,0.0,False
22,right_elbow,0.0,0.0,0.0,False
22,right_foot_index,0.0,0.0,0.0,False
22,right_heel,0.0,0.0,0.0,False
22,right_hip,0.0,0.0,0.0,False
22,right_knee,0.0,0.0,0.0,False
22,right_shoulder,0.0,0.0,0.0,False
22,right_wrist,0.0,0.0,0.0,False
23,left_ankle,0.0,0.0,0.0,False
23,left_elbow,0.0,0.0,0.0,False
23,left_foot_index,0.0,0.0,0.0,False
23,left_heel,0.0,0.0,0.0,False
23,left_hip,0.0,0.0,0.0,False
23,left_knee,0.0,0.0,0.0,False
23,left_shoulder,0.0,0.0,0.0,False
23,left_wrist,0.0,0.0,0.0,False
23,nose,0.0,0.0,0.0,False
23,right_ankle,0.0,0.0,0.0,False
23,right_elbow,0.0,0.0,0.0,False
23,right_foot_index,0.0,0.0,0.0,False
23,right_heel,0.0,0.0,0.0,False
23,right_hip,0.0,0.0,0.0,False
23,right_knee,0.0,0.0,0.0,False
23,right_shoulder,0.0,0.0,0.0,False
23,right_wrist,0.0,0.0,0.0,False
24,left_ankle,0.0,0.0,0.0,False
24,left_elbow,0.0,0.0,0.0,False
24,left_foot_index,0.0,0.0,0.0,False
24,left_heel,0.0,0.0,0.0,False
24,left_hip,0.0,0.0,0.0,False
24,left_knee,0.0,0.0,0.0,False
24,left_shoulder,0.0,0.0,0.0,False
24,left_wrist,0.0,0.0,0.0,False
24,nose,0.0,0.0,0.0,False
24,right_ankle,0.0,0.0,0.0,False
24,right_elbow,0.0,0.0,0.0,False
24,right_foot_index,0.0,0.0,0.0,False
24,right_heel,0.0,0.0,0.0,False
24,right_hip,0.0,0.0,0.0,False
24,right_knee,0.0,0.0,0.0,False
24,right_shoulder,0.0,0.0,0.0,False
24,right_wrist,0.0,0.0,0.0,False
25,left_ankle,0.0,0.0,0.0,False
25,left_elbow,0.0,0.0,0.0,False
25,left_foot_index,0.0,0.0,0.0,False
25,left_heel,0.0,0.0,0.0,False
25,left_hip,0.0,0.0,0.0,False
25,left_knee,0.0,0.0,0.0,False
25,left_shoulder,0.0,0.0,0.0,False
25,left_wrist,0.0,0.0,0.0,False
25,nose,0.0,0.0,0.0,False
25,right_ankle,0.0,0.0,0.0,False
25,right_elbow,0.0,0.0,0.0,False
25,right_foot_index,0.0,0.0,0.0,False
25,right_heel,0.0,0.0,0.0,False
25,right_hip,0.0,0.0,0.0,False
25,right_knee,0.0,0.0,0.0,False
25,right_shoulder,0.0,0.0,0.0,False
25,right_wrist,0.0,0.0,0.0,False
26,left_ankle,0.0,0.0,0.0,False
26,left_elbow,0.0,0.0,0.0,False
26,left_foot_index,0.0,0.0,0.0,False
26,left_heel,0.0,0.0,0.0,False
26,left_hip,0.0,0.0,0.0,False
26,left_knee,0.0,0.0,0.0,False
26,left_shoulder,0.0,0.0,0.0,False
26,left_wrist,0.0,0.0,0.0,False
26,nose,0.0,0.0,0.0,False
26,right_ankle,0.0,0.0,0.0,False
26,right_elbow,0.0,0.0,0.0,False
26,right_foot_index,0.0,0.0,0.0,False
26,right_heel,0.0,0.0,0.0,False
26,right_hip,0.0,0.0,0.0,False
26,right_knee,0.0,0.0,0.0,False
26,right_shoulder,0.0,0.0,0.0,False
26,right_wrist,0.0,0.0,0.0,False
27,left_ankle,0.0,0.0,0.0,False
27,left_elbow,0.0,0.0,0.0,False
27,left_foot_index,0.0,0.0,0.0,False
27,left_heel,0.0,0.0,0.0,False
27,left_hip,0.0,0.0,0.0,False
27,left_knee,0.0,0.0,0.0,False
27,left_shoulder,0.0,0.0,0.0,False
27,left_wrist,0.0,0.0,0.0,False
27,nose,0.0,0.0,0.0,False
27,right_ankle,0.0,0.0,0.0,False
27,right_elbow,0.0,0.0,0.0,False
27,right_foot_index,0.0,0.0,0.0,False
27,right_heel,0.0,0.0,0.0,False
27,right_hip,0.0,0.0,0.0,False
27,right_knee,0.0,0.0,0.0,False
27,right_shoulder,0.0,0.0,0.0,False
27,right_wrist,0.0,0.0,0.0,False
28,left_ankle,0.0,0.0,0.0,False
28,left_elbow,0.0,0.0,0.0,False
28,left_foot_index,0.0,0.0,0.0,False
28,left_heel,0.0,0.0,0.0,False
28,left_hip,0.0,0.0,0.0,False
28,left_knee,0.0,0.0,0.0,False
28,left_shoulder,0.0,0.0,0.0,False
28,left_wrist,0.0,0.0,0.0,False
28,nose,0.0,0.0,0.0,False
28,right_ankle,0.0,0.0,0.0,False
28,right_elbow,0.0,0.0,0.0,False
28,right_foot_index,0.0,0.0,0.0,False
28,right_heel,0.0,0.0,0.0,False
28,right_hip,0.0,0.0,0.0,False
28,right_knee,0.0,0.0,0.0,False
28,right_shoulder,0.0,0.0,0.0,False
28,right_wrist,0.0,0.0,0.0,False
29,left_ankle,0.0,0.0,0.0,False
29,left_elbow,0.0,0.0,0.0,False
29,left_foot_index,0.0,0.0,0.0,False
29,left_heel,0.0,0.0,0.0,False
29,left_hip,0.0,0.0,0.0,False
29,left_knee,0.0,0.0,0.0,False
29,left_shoulder,0.0,0.0,0.0,False
29,left_wrist,0.0,0.0,0.0,False
29,nose,0.0,0.0,0.0,False
29,right_ankle,0.0,0.0,0.0,False
29,right_elbow,0.0,0.0,0.0,False
29,right_foot_index,0.0,0.0,0.0,False
29,right_heel,0.0,0.0,0.0,False
29,right_hip,0.0,0.0,0.0,False
29,right_knee,0.0,0.0,0.0,False
29,right_shoulder,0.0,0.0,0.0,False
29,right_wrist,0.0,0.0,0.0,False
30,left_ankle,0.0,0.0,0.0,False
30,left_elbow,0.0,0.0,0.0,False
30,left_foot_index,0.0,0.0,0.0,False
30,left_heel,0.0,0.0,0.0,False
30,left_hip,0.0,0.0,0.0,False
30,left_knee,0.0,0.0,0.0,False
30,left_shoulder,0.0,0.0,0.0,False
30,left_wrist,0.0,0.0,0.0,False
30,nose,0.0,0.0,0.0,False
30,right_ankle,0.0,0.0,0.0,False
30,right_elbow,0.0,0.0,0.0,False
30,right_foot_index,0.0,0.0,0.0,False
30,right_heel,0.0,0.0,0.0,False
30,right_hip,0.0,0.0,0.0,False
30,right_knee,0.0,0.0,0.0,False
30,right_shoulder,0.0,0.0,0.0,False
30,right_wrist,0.0,0.0,0.0,False
31,left_ankle,0.0,0.0,0.0,False
31,left_elbow,0.0,0.0,0.0,False
31,left_foot_index,0.0,0.0,0.0,False
31,left_heel,0.0,0.0,0.0,False
31,left_hip,0.0,0.0,0.0,False
31,left_knee,0.0,0.0,0.0,False
31,left_shoulder,0.0,0.0,0.0,False
31,left_wrist,0.0,0.0,0.0,False
31,nose,0.0,0.0,0.0,False
31,right_ankle,0.0,0.0,0.0,False
31,right_elbow,0.0,0.0,0.0,False
31,right_foot_index,0.0,0.0,0.0,False
31,right_heel,0.0,0.0,0.0,False
31,right_hip,0.0,0.0,0.0,False
31,right_knee,0.0,0.0,0.0,False
31,right_shoulder,0.0,0.0,0.0,False
31,right_wrist,0.0,0.0,0.0,False
32,left_ankle,0.0,0.0,0.0,False
32,left_elbow,0.0,0.0,0.0,False
32,left_foot_index,0.0,0.0,0.0,False
32,left_heel,0.0,0.0,0.0,False
32,left_hip,0.0,0.0,0.0,False
32,left_knee,0.0,0.0,0.0,False
32,left_shoulder,0.0,0.0,0.0,False
32,left_wrist,0.0,0.0,0.0,False
32,nose,0.0,0.0,0.0,False
32,right_ankle,0.0,0.0,0.0,False
32,right_elbow,0.0,0.0,0.0,False
32,right_foot_index,0.0,0.0,0.0,False
32,right_heel,0.0,0.0,0.0,False
32,right_hip,0.0,0.0,0.0,False
32,right_knee,0.0,0.0,0.0,False
32,right_shoulder,0.0,0.0,0.0,False
32,right_wrist,0.0,0.0,0.0,False
33,left_ankle,0.0,0.0,0.0,False
33,left_elbow,0.0,0.0,0.0,False
33,left_foot_index,0.0,0.0,0.0,False
33,left_heel,0.0,0.0,0.0,False
33,left_hip,0.0,0.0,0.0,False
33,left_knee,0.0,0.0,0.0,False
33,left_shoulder,0.0,0.0,0.0,False
33,left_wrist,0.0,0.0,0.0,False
33,nose,0.0,0.0,0.0,False
33,right_ankle,0.0,0.0,0.0,False
33,right_elbow,0.0,0.0,0.0,False
33,right_foot_index,0.0,0.0,0.0,False
33,right_heel,0.0,0.0,0.0,False
33,right_hip,0.0,0.0,0.0,False
33,right_knee,0.0,0.0,0.0,False
33,right_shoulder,0.0,0.0,0.0,False
33,right_wrist,0.0,0.0,0.0,False
34,left_ankle,0.0,0.0,0.0,False
34,left_elbow,0.0,0.0,0.0,False
34,left_foot_index,0.0,0.0,0.0,False
34,left_heel,0.0,0.0,0.0,False
34,left_hip,0.0,0.0,0.0,False
34,left_knee,0.0,0.0,0.0,False
34,left_shoulder,0.0,0.0,0.0,False
34,left_wrist,0.0,0.0,0.0,False
34,nose,0.0,0.0,0.0,False
34,right_ankle,0.0,0.0,0.0,False
34,right_elbow,0.0,0.0,0.0,False
34,right_foot_index,0.0,0.0,0.0,False
34,right_heel,0.0,0.0,0.0,False
34,right_hip,0.0,0.0,0.0,False
34,right_knee,0.0,0.0,0.0,False
34,right_shoulder,0.0,0.0,0.0,False
34,right_wrist,0.0,0.0,0.0,False
35,left_ankle,0.0,0.0,0.0,False
35,left_elbow,0.0,0.0,0.0,False
35,left_foot_index,0.0,0.0,0.0,False
35,left_heel,0.0,0.0,0.0,False
35,left_hip,0.0,0.0,0.0,False
35,left_knee,0.0,0.0,0.0,False
35,left_shoulder,0.0,0.0,0.0,False
35,left_wrist,0.0,0.0,0.0,False
35,nose,0.0,0.0,0.0,False
35,right_ankle,0.0,0.0,0.0,False
35,right_elbow,0.0,0.0,0.0,False
35,right_foot_index,0.0,0.0,0.0,False
35,right_heel,0.0,0.0,0.0,False
35,right_hip,0.0,0.0,0.0,False
35,right_knee,0.0,0.0,0.0,False
35,right_shoulder,0.0,0.0,0.0,False
35,right_wrist,0.0,0.0,0.0,False
36,left_ankle,0.0,0.0,0.0,False
36,left_elbow,0.0,0.0,0.0,False
36,left_foot_index,0.0,0.0,0.0,False
36,left_heel,0.0,0.0,0.0,False
36,left_hip,0.0,0.0,0.0,False
36,left_knee,0.0,0.0,0.0,False
36,left_shoulder,0.0,0.0,0.0,False
36,left_wrist,0.0,0.0,0.0,False
36,nose,0.0,0.0,0.0,False
36,right_ankle,0.0,0.0,0.0,False
36,right_elbow,0.0,0.0,0.0,False
36,right_foot_index,0.0,0.0,0.0,False
36,right_heel,0.0,0.0,0.0,False
36,right_hip,0.0,0.0,0.0,False
36,right_knee,0.0,0.0,0.0,False
36,right_shoulder,0.0,0.0,0.0,False
36,right_wrist,0.0,0.0,0.0,False
37,left_ankle,0.0,0.0,0.0,False
37,left_elbow,0.0,0.0,0.0,False
37,left_foot_index,0.0,0.0,0.0,False
37,left_heel,0.0,0.0,0.0,False
37,left_hip,0.0,0.0,0.0,False
37,left_knee,0.0,0.0,0.0,False
37,left_shoulder,0.0,0.0,0.0,False
37,left_wrist,0.0,0.0,0.0,False
37,nose,0.0,0.0,0.0,False
37,right_ankle,0.0,0.0,0.0,False
37,right_elbow,0.0,0.0,0.0,False
37,right_foot_index,0.0,0.0,0.0,False
37,right_heel,0.0,0.0,0.0,False
37,right_hip,0.0,0.0,0.0,False
37,right_knee,0.0,0.0,0.0,False
37,right_shoulder,0.0,0.0,0.0,False
37,right_wrist,0.0,0.0,0.0,False
38,left_ankle,0.0,0.0,0.0,False
38,left_elbow,0.0,0.0,0.0,False
38,left_foot_index,0.0,0.0,0.0,False
38,left_heel,0.0,0.0,0.0,False
38,left_hip,0.0,0.0,0.0,False
38,left_knee,0.0,0.0,0.0,False
38,left_shoulder,0.0,0.0,0.0,False
38,left_wrist,0.0,0.0,0.0,False
38,nose,0.0,0.0,0.0,False
38,right_ankle,0.0,0.0,0.0,False
38,right_elbow,0.0,0.0,0.0,False
38,right_foot_index,0.0,0.0,0.0,False
38,right_heel,0.0,0.0,0.0,False
38,right_hip,0.0,0.0,0.0,False
38,right_knee,0.0,0.0,0.0,False
38,right_shoulder,0.0,0.0,0.0,False
38,right_wrist,0.0,0.0,0.0,False
39,left_ankle,0.0,0.0,0.0,False
39,left_elbow,0.0,0.0,0.0,False
39,left_foot_index,0.0,0.0,0.0,False
39,left_heel,0.0,0.0,0.0,False
39,left_hip,0.0,0.0,0.0,False
39,left_knee,0.0,0.0,0.0,False
39,left_shoulder,0.0,0.0,0.0,False
39,left_wrist,0.0,0.0,0.0,False
39,nose,0.0,0.0,0.0,False
39,right_ankle,0.0,0.0,0.0,False
39,right_elbow,0.0,0.0,0.0,False
39,right_foot_index,0.0,0.0,0.0,False
39,right_heel,0.0,0.0,0.0,False
39,right_hip,0.0,0.0,0.0,False
39,right_knee,0.0,0.0,0.0,False
39,right_shoulder,0.0,0.0,0.0,False
39,right_wrist,0.0,0.0,0.0,False
40,left_ankle,0.0,0.0,0.0,False
40,left_elbow,0.0,0.0,0.0,False
40,left_foot_index,0.0,0.0,0.0,False
40,left_heel,0.0,0.0,0.0,False
40,left_hip,0.0,0.0,0.0,False
40,left_knee,0.0,0.0,0.0,False
40,left_shoulder,0.0,0.0,0.0,False
40,left_wrist,0.0,0.0,0.0,False
40,nose,0.0,0.0,0.0,False
40,right_ankle,0.0,0.0,0.0,False
40,right_elbow,0.0,0.0,0.0,False
40,right_foot_index,0.0,0.0,0.0,False
40,right_heel,0.0,0.0,0.0,False
40,right_hip,0.0,0.0,0.0,False
40,right_knee,0.0,0.0,0.0,False
40,right_shoulder,0.0,0.0,0.0,False
40,right_wrist,0.0,0.0,0.0,False
41,left_ankle,0.0,0.0,0.0,False
41,left_elbow,0.0,0.0,0.0,False
41,left_foot_index,0.0,0.0,0.0,False
41,left_heel,0.0,0.0,0.0,False
41,left_hip,0.0,0.0,0.0,False
41,left_knee,0.0,0.0,0.0,False
41,left_shoulder,0.0,0.0,0.0,False
41,left_wrist,0.0,0.0,0.0,False
41,nose,0.0,0.0,0.0,False
41,right_ankle,0.0,0.0,0.0,False
41,right_elbow,0.0,0.0,0.0,False
41,right_foot_index,0.0,0.0,0.0,False
41,right_heel,0.0,0.0,0.0,False
41,right_hip,0.0,0.0,0.0,False
41,right_knee,0.0,0.0,0.0,False
41,right_shoulder,0.0,0.0,0.0,False
41,right_wrist,0.0,0.0,0.0,False
42,left_ankle,0.0,0.0,0.0,False
42,left_elbow,0.0,0.0,0.0,False
42,left_foot_index,0.0,0.0,0.0,False
42,left_heel,0.0,0.0,0.0,False
42,left_hip,0.0,0.0,0.0,False
42,left_knee,0.0,0.0,0.0,False
42,left_shoulder,0.0,0.0,0.0,False
42,left_wrist,0.0,0.0,0.0,False
42,nose,0.0,0.0,0.0,False
42,right_ankle,0.0,0.0,0.0,False
42,right_elbow,0.0,0.0,0.0,False
42,right_foot_index,0.0,0.0,0.0,False
42,right_heel,0.0,0.0,0.0,False
42,right_hip,0.0,0.0,0.0,False
42,right_knee,0.0,0.0,0.0,False
42,right_shoulder,0.0,0.0,0.0,False
42,right_wrist,0.0,0.0,0.0,False
43,left_ankle,0.0,0.0,0.0,False
43,left_elbow,0.0,0.0,0.0,False
43,left_foot_index,0.0,0.0,0.0,False
43,left_heel,0.0,0.0,0.0,False
43,left_hip,0.0,0.0,0.0,False
43,left_knee,0.0,0.0,0.0,False
43,left_shoulder,0.0,0.0,0.0,False
43,left_wrist,0.0,0.0,0.0,False
43,nose,0.0,0.0,0.0,False
43,right_ankle,0.0,0.0,0.0,False
43,right_elbow,0.0,0.0,0.0,False
43,right_foot_index,0.0,0.0,0.0,False
43,right_heel,0.0,0.0,0.0,False
43,right_hip,0.0,0.0,0.0,False
43,right_knee,0.0,0.0,0.0,False
43,right_shoulder,0.0,0.0,0.0,False
43,right_wrist,0.0,0.0,0.0,False
44,left_ankle,0.0,0.0,0.0,False
44,left_elbow,0.0,0.0,0.0,False
44,left_foot_index,0.0,0.0,0.0,False
44,left_heel,0.0,0.0,0.0,False
44,left_hip,0.0,0.0,0.0,False
44,left_knee,0.0,0.0,0.0,False
44,left_shoulder,0.0,0.0,0.0,False
44,left_wrist,0.0,0.0,0.0,False
44,nose,0.0,0.0,0.0,False
44,right_ankle,0.0,0.0,0.0,False
44,right_elbow,0.0,0.0,0.0,False
44,right_foot_index,0.0,0.0,0.0,False
44,right_heel,0.0,0.0,0.0,False
44,right_hip,0.0,0.0,0.0,False
44,right_knee,0.0,0.0,0.0,False
44,right_shoulder,0.0,0.0,0.0,False
44,right_wrist,0.0,0.0,0.0,False
45,left_ankle,0.0,0.0,0.0,False
45,left_elbow,0.0,0.0,0.0,False
45,left_foot_index,0.0,0.0,0.0,False
45,left_heel,0.0,0.0,0.0,False
45,left_hip,0.0,0.0,0.0,False
45,left_knee,0.0,0.0,0.0,False
45,left_shoulder,0.0,0.0,0.0,False
45,left_wrist,0.0,0.0,0.0,False
45,nose,0.0,0.0,0.0,False
45,right_ankle,0.0,0.0,0.0,False
45,right_elbow,0.0,0.0,0.0,False
45,right_foot_index,0.0,0.0,0.0,False
45,right_heel,0.0,0.0,0.0,False
45,right_hip,0.0,0.0,0.0,False
45,right_knee,0.0,0.0,0.0,False
45,right_shoulder,0.0,0.0,0.0,False
45,right_wrist,0.0,0.0,0.0,False
46,left_ankle,0.0,0.0,0.0,False
46,left_elbow,0.0,0.0,0.0,False
46,left_foot_index,0.0,0.0,0.0,False
46,left_heel,0.0,0.0,0.0,False
46,left_hip,0.0,0.0,0.0,False
46,left_knee,0.0,0.0,0.0,False
46,left_shoulder,0.0,0.0,0.0,False
46,left_wrist,0.0,0.0,0.0,False
46,nose,0.0,0.0,0.0,False
46,right_ankle,0.0,0.0,0.0,False
46,right_elbow,0.0,0.0,0.0,False
46,right_foot_index,0.0,0.0,0.0,False
46,right_heel,0.0,0.0,0.0,False
46,right_hip,0.0,0.0,0.0,False
46,right_knee,0.0,0.0,0.0,False
46,right_shoulder,0.0,0.0,0.0,False
46,right_wrist,0.0,0.0,0.0,False
47,left_ankle,0.0,0.0,0.0,False
47,left_elbow,0.0,0.0,0.0,False
47,left_foot_index,0.0,0.0,0.0,False
47,left_heel,0.0,0.0,0.0,False
47,left_hip,0.0,0.0,0.0,False
47,left_knee,0.0,0.0,0.0,False
47,left_shoulder,0.0,0.0,0.0,False
47,left_wrist,0.0,0.0,0.0,False
47,nose,0.0,0.0,0.0,False
47,right_ankle,0.0,0.0,0.0,False
47,right_elbow,0.0,0.0,0.0,False
47,right_foot_index,0.0,0.0,0.0,False
47,right_heel,0.0,0.0,0.0,False
47,right_hip,0.0,0.0,0.0,False
47,right_knee,0.0,0.0,0.0,False
47,right_shoulder,0.0,0.0,0.0,False
47,right_wrist,0.0,0.0,0.0,False
48,left_ankle,0.0,0.0,0.0,False
48,left_elbow,0.0,0.0,0.0,False
48,left_foot_index,0.0,0.0,0.0,False
48,left_heel,0.0,0.0,0.0,False
48,left_hip,0.0,0.0,0.0,False
48,left_knee,0.0,0.0,0.0,False
48,left_shoulder,0.0,0.0,0.0,False
48,left_wrist,0.0,0.0,0.0,False
48,nose,0.0,0.0,0.0,False
48,right_ankle,0.0,0.0,0.0,False
48,right_elbow,0.0,0.0,0.0,False
48,right_foot_index,0.0,0.0,0.0,False
48,right_heel,0.0,0.0,0.0,False
48,right_hip,0.0,0.0,0.0,False
48,right_knee,0.0,0.0,0.0,False
48,right_shoulder,0.0,0.0,0.0,False
48,right_wrist,0.0,0.0,0.0,False
49,left_ankle,0.0,0.0,0.0,False
49,left_elbow,0.0,0.0,0.0,False
49,left_foot_index,0.0,0.0,0.0,False
49,left_heel,0.0,0.0,0.0,False
49,left_hip,0.0,0.0,0.0,False
49,left_knee,0.0,0.0,0.0,False
49,left_shoulder,0.0,0.0,0.0,False
49,left_wrist,0.0,0.0,0.0,False
49,nose,0.0,0.0,0.0,False
49,right_ankle,0.0,0.0,0.0,False
49,right_elbow,0.0,0.0,0.0,False
49,right_foot_index,0.0,0.0,0.0,False
49,right_heel,0.0,0.0,0.0,False
49,right_hip,0.0,0.0,0.0,False
49,right_knee,0.0,0.0,0.0,False
49,right_shoulder,0.0,0.0,0.0,False
49,right_wrist,0.0,0.0,0.0,False
50,left_ankle,0.0,0.0,0.0,False
50,left_elbow,0.0,0.0,0.0,False
50,left_foot_index,0.0,0.0,0.0,False
50,left_heel,0.0,0.0,0.0,False
50,left_hip,0.0,0.0,0.0,False
50,left_knee,0.0,0.0,0.0,False
50,left_shoulder,0.0,0.0,0.0,False
50,left_wrist,0.0,0.0,0.0,False
50,nose,0.0,0.0,0.0,False
50,right_ankle,0.0,0.0,0.0,False
50,right_elbow,0.0,0.0,0.0,False
50,right_foot_index,0.0,0.0,0.0,False
50,right_heel,0.0,0.0,0.0,False
50,right_hip,0.0,0.0,0.0,False
50,right_knee,0.0,0.0,0.0,False
50,right_shoulder,0.0,0.0,0.0,False
50,right_wrist,0.0,0.0,0.0,False
51,left_ankle,0.0,0.0,0.0,False
51,left_elbow,0.0,0.0,0.0,False
51,left_foot_index,0.0,0.0,0.0,False
51,left_heel,0.0,0.0,0.0,False
51,left_hip,0.0,0.0,0.0,False
51,left_knee,0.0,0.0,0.0,False
51,left_shoulder,0.0,0.0,0.0,False
51,left_wrist,0.0,0.0,0.0,False
51,nose,0.0,0.0,0.0,False
51,right_ankle,0.0,0.0,0.0,False
51,right_elbow,0.0,0.0,0.0,False
51,right_foot_index,0.0,0.0,0.0,False
51,right_heel,0.0,0.0,0.0,False
51,right_hip,0.0,0.0,0.0,False
51,right_knee,0.0,0.0,0.0,False
51,right_shoulder,0.0,0.0,0.0,False
51,right_wrist,0.0,0.0,0.0,False
52,left_ankle,0.0,0.0,0.0,False
52,left_elbow,0.0,0.0,0.0,False
52,left_foot_index,0.0,0.0,0.0,False
52,left_heel,0.0,0.0,0.0,False
52,left_hip,0.0,0.0,0.0,False
52,left_knee,0.0,0.0,0.0,False
52,left_shoulder,0.0,0.0,0.0,False
52,left_wrist,0.0,0.0,0.0,False
52,nose,0.0,0.0,0.0,False
52,right_ankle,0.0,0.0,0.0,False
52,right_elbow,0.0,0.0,0.0,False
52,right_foot_index,0.0,0.0,0.0,False
52,right_heel,0.0,0.0,0.0,False
52,right_hip,0.0,0.0,0.0,False
52,right_knee,0.0,0.0,0.0,False
52,right_shoulder,0.0,0.0,0.0,False
52,right_wrist,0.0,0.0,0.0,False
53,left_ankle,0.0,0.0,0.0,False
53,left_elbow,0.0,0.0,0.0,False
53,left_foot_index,0.0,0.0,0.0,False
53,left_heel,0.0,0.0,0.0,False
53,left_hip,0.0,0.0,0.0,False
53,left_knee,0.0,0.0,0.0,False
53,left_shoulder,0.0,0.0,0.0,False
53,left_wrist,0.0,0.0,0.0,False
53,nose,0.0,0.0,0.0,False
53,right_ankle,0.0,0.0,0.0,False
53,right_elbow,0.0,0.0,0.0,False
53,right_foot_index,0.0,0.0,0.0,False
53,right_heel,0.0,0.0,0.0,False
53,right_hip,0.0,0.0,0.0,False
53,right_knee,0.0,0.0,0.0,False
53,right_shoulder,0.0,0.0,0.0,False
53,right_wrist,0.0,0.0,0.0,False
54,left_ankle,0.0,0.0,0.0,False
54,left_elbow,0.0,0.0,0.0,False
54,left_foot_index,0.0,0.0,0.0,False
54,left_heel,0.0,0.0,0.0,False
54,left_hip,0.0,0.0,0.0,False
54,left_knee,0.0,0.0,0.0,False
54,left_shoulder,0.0,0.0,0.0,False
54,left_wrist,0.0,0.0,0.0,False
54,nose,0.0,0.0,0.0,False
54,right_ankle,0.0,0.0,0.0,False
54,right_elbow,0.0,0.0,0.0,False
54,right_foot_index,0.0,0.0,0.0,False
54,right_heel,0.0,0.0,0.0,False
54,right_hip,0.0,0.0,0.0,False
54,right_knee,0.0,0.0,0.0,False
54,right_shoulder,0.0,0.0,0.0,False
54,right_wrist,0.0,0.0,0.0,False
55,left_ankle,0.0,0.0,0.0,False
55,left_elbow,0.0,0.0,0.0,False
55,left_foot_index,0.0,0.0,0.0,False
55,left_heel,0.0,0.0,0.0,False
55,left_hip,0.0,0.0,0.0,False
55,left_knee,0.0,0.0,0.0,False
55,left_shoulder,0.0,0.0,0.0,False
55,left_wrist,0.0,0.0,0.0,False
55,nose,0.0,0.0,0.0,False
55,right_ankle,0.0,0.0,0.0,False
55,right_elbow,0.0,0.0,0.0,False
55,right_foot_index,0.0,0.0,0.0,False
55,right_heel,0.0,0.0,0.0,False
55,right_hip,0.0,0.0,0.0,False
55,right_knee,0.0,0.0,0.0,False
55,right_shoulder,0.0,0.0,0.0,False
55,right_wrist,0.0,0.0,0.0,False
56,left_ankle,0.0,0.0,0.0,False
56,left_elbow,0.0,0.0,0.0,False
56,left_foot_index,0.0,0.0,0.0,False
56,left_heel,0.0,0.0,0.0,False
56,left_hip,0.0,0.0,0.0,False
56,left_knee,0.0,0.0,0.0,False
56,left_shoulder,0.0,0.0,0.0,False
56,left_wrist,0.0,0.0,0.0,False
56,nose,0.0,0.0,0.0,False
56,right_ankle,0.0,0.0,0.0,False
56,right_elbow,0.0,0.0,0.0,False
56,right_foot_index,0.0,0.0,0.0,False
56,right_heel,0.0,0.0,0.0,False
56,right_hip,0.0,0.0,0.0,False
56,right_knee,0.0,0.0,0.0,False
56,right_shoulder,0.0,0.0,0.0,False
56,right_wrist,0.0,0.0,0.0,False
57,left_ankle,0.0,0.0,0.0,False
57,left_elbow,0.0,0.0,0.0,False
57,left_foot_index,0.0,0.0,0.0,False
57,left_heel,0.0,0.0,0.0,False
57,left_hip,0.0,0.0,0.0,False
57,left_knee,0.0,0.0,0.0,False
57,left_shoulder,0.0,0.0,0.0,False
57,left_wrist,0.0,0.0,0.0,False
57,nose,0.0,0.0,0.0,False
57,right_ankle,0.0,0.0,0.0,False
57,right_elbow,0.0,0.0,0.0,False
57,right_foot_index,0.0,0.0,0.0,False
57,right_heel,0.0,0.0,0.0,False
57,right_hip,0.0,0.0,0.0,False
57,right_knee,0.0,0.0,0.0,False
57,right_shoulder,0.0,0.0,0.0,False
57,right_wrist,0.0,0.0,0.0,False
58,left_ankle,0.0,0.0,0.0,False
58,left_elbow,0.0,0.0,0.0,False
58,left_foot_index,0.0,0.0,0.0,False
58,left_heel,0.0,0.0,0.0,False
58,left_hip,0.0,0.0,0.0,False
58,left_knee,0.0,0.0,0.0,False
58,left_shoulder,0.0,0.0,0.0,False
58,left_wrist,0.0,0.0,0.0,False
58,nose,0.0,0.0,0.0,False
58,right_ankle,0.0,0.0,0.0,False
58,right_elbow,0.0,0.0,0.0,False
58,right_foot_index,0.0,0.0,0.0,False
58,right_heel,0.0,0.0,0.0,False
58,right_hip,0.0,0.0,0.0,False
58,right_knee,0.0,0.0,0.0,False
58,right_shoulder,0.0,0.0,0.0,False
58,right_wrist,0.0,0.0,0.0,False
59,left_ankle,0.0,0.0,0.0,False
59,left_elbow,0.0,0.0,0.0,False
59,left_foot_index,0.0,0.0,0.0,False
59,left_heel,0.0,0.0,0.0,False
59,left_hip,0.0,0.0,0.0,False
59,left_knee,0.0,0.0,0.0,False
59,left_shoulder,0.0,0.0,0.0,False
59,left_wrist,0.0,0.0,0.0,False
59,nose,0.0,0.0,0.0,False
59,right_ankle,0.0,0.0,0.0,False
59,right_elbow,0.0,0.0,0.0,False
59,right_foot_index,0.0,0.0,0.0,False
59,right_heel,0.0,0.0,0.0,False
59,right_hip,0.0,0.0,0.0,False
59,right_knee,0.0,0.0,0.0,False
59,right_shoulder,0.0,0.0,0.0,False
59,right_wrist,0.0,0.0,0.0,False
